log_file,experiment,setting,algorithm,is_rerun,mode,task,optimizer,p,hidden_width,alpha,seed,num_clients,local_epochs,fraction_train,partition,dirichlet_alpha,proximal_mu,server_lr,tau,weight_decay,t_grok,t_50,final_acc,grokked,censored,history_path
exp2_a0.20_K10.log,exp2,,,False,centralized,addition,gd,97,256,0.2,42,,,,,,,,,,inf,inf,1.9,False,True,results/exp2_aggregation/cent_full/history_addition_gd_p97_N256_a0.2_s42.json
exp2_a0.20_K10.log,exp2,,,False,centralized,addition,gd,97,256,0.2,123,,,,,,,,,,inf,inf,6.5,False,True,results/exp2_aggregation/cent_full/history_addition_gd_p97_N256_a0.2_s123.json
exp2_a0.20_K10.log,exp2,,,False,centralized,addition,gd,97,256,0.2,456,,,,,,,,,,inf,inf,2.3,False,True,results/exp2_aggregation/cent_full/history_addition_gd_p97_N256_a0.2_s456.json
exp2_a0.20_K10.log,exp2,,,False,centralized,addition,gd,97,256,0.02,42,,,,,,,,,,inf,inf,0.0,False,True,results/exp2_aggregation/cent_reduced/history_addition_gd_p97_N256_a0.02_s42.json
exp2_a0.20_K10.log,exp2,,,False,centralized,addition,gd,97,256,0.02,123,,,,,,,,,,inf,inf,0.0,False,True,results/exp2_aggregation/cent_reduced/history_addition_gd_p97_N256_a0.02_s123.json
exp2_a0.20_K10.log,exp2,,,False,centralized,addition,gd,97,256,0.02,456,,,,,,,,,,inf,inf,0.0,False,True,results/exp2_aggregation/cent_reduced/history_addition_gd_p97_N256_a0.02_s456.json
exp2_a0.20_K10.log,exp2,,,False,federated,addition,gd,97,256,0.2,42,10,5,1.0,iid,,,,,,inf,inf,0.9,False,True,results/exp2_aggregation/fl_iid/history_fed_addition_gd_p97_N256_a0.2_K10_le5_ft1.0_iid_s42.json
exp2_a0.20_K10.log,exp2,,,False,federated,addition,gd,97,256,0.2,123,10,5,1.0,iid,,,,,,inf,inf,1.7,False,True,results/exp2_aggregation/fl_iid/history_fed_addition_gd_p97_N256_a0.2_K10_le5_ft1.0_iid_s123.json
exp2_a0.20_K10.log,exp2,,,False,federated,addition,gd,97,256,0.2,456,10,5,1.0,iid,,,,,,inf,inf,0.9,False,True,results/exp2_aggregation/fl_iid/history_fed_addition_gd_p97_N256_a0.2_K10_le5_ft1.0_iid_s456.json
exp2_a0.20_K2.log,exp2,,,False,centralized,addition,gd,97,256,0.2,42,,,,,,,,,,inf,inf,1.9,False,True,results/exp2_aggregation/cent_full/history_addition_gd_p97_N256_a0.2_s42.json
exp2_a0.20_K2.log,exp2,,,False,centralized,addition,gd,97,256,0.2,123,,,,,,,,,,inf,inf,6.5,False,True,results/exp2_aggregation/cent_full/history_addition_gd_p97_N256_a0.2_s123.json
exp2_a0.20_K2.log,exp2,,,False,centralized,addition,gd,97,256,0.2,456,,,,,,,,,,inf,inf,2.3,False,True,results/exp2_aggregation/cent_full/history_addition_gd_p97_N256_a0.2_s456.json
exp2_a0.20_K2.log,exp2,,,False,centralized,addition,gd,97,256,0.1,42,,,,,,,,,,inf,inf,0.4,False,True,results/exp2_aggregation/cent_reduced/history_addition_gd_p97_N256_a0.1_s42.json
exp2_a0.20_K2.log,exp2,,,False,centralized,addition,gd,97,256,0.1,123,,,,,,,,,,inf,inf,0.4,False,True,results/exp2_aggregation/cent_reduced/history_addition_gd_p97_N256_a0.1_s123.json
exp2_a0.20_K2.log,exp2,,,False,centralized,addition,gd,97,256,0.1,456,,,,,,,,,,inf,inf,0.5,False,True,results/exp2_aggregation/cent_reduced/history_addition_gd_p97_N256_a0.1_s456.json
exp2_a0.20_K2.log,exp2,,,False,federated,addition,gd,97,256,0.2,42,2,5,1.0,iid,,,,,,inf,inf,1.2,False,True,results/exp2_aggregation/fl_iid/history_fed_addition_gd_p97_N256_a0.2_K2_le5_ft1.0_iid_s42.json
exp2_a0.20_K2.log,exp2,,,False,federated,addition,gd,97,256,0.2,123,2,5,1.0,iid,,,,,,inf,inf,2.1,False,True,results/exp2_aggregation/fl_iid/history_fed_addition_gd_p97_N256_a0.2_K2_le5_ft1.0_iid_s123.json
exp2_a0.20_K2.log,exp2,,,False,federated,addition,gd,97,256,0.2,456,2,5,1.0,iid,,,,,,inf,inf,1.0,False,True,results/exp2_aggregation/fl_iid/history_fed_addition_gd_p97_N256_a0.2_K2_le5_ft1.0_iid_s456.json
exp2_a0.20_K20.log,exp2,,,False,centralized,addition,gd,97,256,0.2,42,,,,,,,,,,inf,inf,1.9,False,True,results/exp2_aggregation/cent_full/history_addition_gd_p97_N256_a0.2_s42.json
exp2_a0.20_K20.log,exp2,,,False,centralized,addition,gd,97,256,0.2,123,,,,,,,,,,inf,inf,6.5,False,True,results/exp2_aggregation/cent_full/history_addition_gd_p97_N256_a0.2_s123.json
exp2_a0.20_K20.log,exp2,,,False,centralized,addition,gd,97,256,0.2,456,,,,,,,,,,inf,inf,2.3,False,True,results/exp2_aggregation/cent_full/history_addition_gd_p97_N256_a0.2_s456.json
exp2_a0.20_K20.log,exp2,,,False,centralized,addition,gd,97,256,0.01,42,,,,,,,,,,inf,inf,0.1,False,True,results/exp2_aggregation/cent_reduced/history_addition_gd_p97_N256_a0.01_s42.json
exp2_a0.20_K20.log,exp2,,,False,centralized,addition,gd,97,256,0.01,123,,,,,,,,,,inf,inf,0.2,False,True,results/exp2_aggregation/cent_reduced/history_addition_gd_p97_N256_a0.01_s123.json
exp2_a0.20_K20.log,exp2,,,False,centralized,addition,gd,97,256,0.01,456,,,,,,,,,,inf,inf,0.2,False,True,results/exp2_aggregation/cent_reduced/history_addition_gd_p97_N256_a0.01_s456.json
exp2_a0.20_K20.log,exp2,,,False,federated,addition,gd,97,256,0.2,42,20,5,1.0,iid,,,,,,inf,inf,1.0,False,True,results/exp2_aggregation/fl_iid/history_fed_addition_gd_p97_N256_a0.2_K20_le5_ft1.0_iid_s42.json
exp2_a0.20_K20.log,exp2,,,False,federated,addition,gd,97,256,0.2,123,20,5,1.0,iid,,,,,,inf,inf,1.1,False,True,results/exp2_aggregation/fl_iid/history_fed_addition_gd_p97_N256_a0.2_K20_le5_ft1.0_iid_s123.json
exp2_a0.20_K20.log,exp2,,,False,federated,addition,gd,97,256,0.2,456,20,5,1.0,iid,,,,,,inf,inf,0.7,False,True,results/exp2_aggregation/fl_iid/history_fed_addition_gd_p97_N256_a0.2_K20_le5_ft1.0_iid_s456.json
exp2_a0.20_K5.log,exp2,,,False,centralized,addition,gd,97,256,0.2,42,,,,,,,,,,inf,inf,1.9,False,True,results/exp2_aggregation/cent_full/history_addition_gd_p97_N256_a0.2_s42.json
exp2_a0.20_K5.log,exp2,,,False,centralized,addition,gd,97,256,0.2,123,,,,,,,,,,inf,inf,6.5,False,True,results/exp2_aggregation/cent_full/history_addition_gd_p97_N256_a0.2_s123.json
exp2_a0.20_K5.log,exp2,,,False,centralized,addition,gd,97,256,0.2,456,,,,,,,,,,inf,inf,2.3,False,True,results/exp2_aggregation/cent_full/history_addition_gd_p97_N256_a0.2_s456.json
exp2_a0.20_K5.log,exp2,,,False,centralized,addition,gd,97,256,0.04,42,,,,,,,,,,inf,inf,0.0,False,True,results/exp2_aggregation/cent_reduced/history_addition_gd_p97_N256_a0.04_s42.json
exp2_a0.20_K5.log,exp2,,,False,centralized,addition,gd,97,256,0.04,123,,,,,,,,,,inf,inf,0.0,False,True,results/exp2_aggregation/cent_reduced/history_addition_gd_p97_N256_a0.04_s123.json
exp2_a0.20_K5.log,exp2,,,False,centralized,addition,gd,97,256,0.04,456,,,,,,,,,,inf,inf,0.0,False,True,results/exp2_aggregation/cent_reduced/history_addition_gd_p97_N256_a0.04_s456.json
exp2_a0.20_K5.log,exp2,,,False,federated,addition,gd,97,256,0.2,42,5,5,1.0,iid,,,,,,inf,inf,1.2,False,True,results/exp2_aggregation/fl_iid/history_fed_addition_gd_p97_N256_a0.2_K5_le5_ft1.0_iid_s42.json
exp2_a0.20_K5.log,exp2,,,False,federated,addition,gd,97,256,0.2,123,5,5,1.0,iid,,,,,,inf,inf,1.9,False,True,results/exp2_aggregation/fl_iid/history_fed_addition_gd_p97_N256_a0.2_K5_le5_ft1.0_iid_s123.json
exp2_a0.20_K5.log,exp2,,,False,federated,addition,gd,97,256,0.2,456,5,5,1.0,iid,,,,,,inf,inf,1.0,False,True,results/exp2_aggregation/fl_iid/history_fed_addition_gd_p97_N256_a0.2_K5_le5_ft1.0_iid_s456.json
exp2_a0.20_K50.log,exp2,,,False,centralized,addition,gd,97,256,0.2,42,,,,,,,,,,inf,inf,1.9,False,True,results/exp2_aggregation/cent_full/history_addition_gd_p97_N256_a0.2_s42.json
exp2_a0.20_K50.log,exp2,,,False,centralized,addition,gd,97,256,0.2,123,,,,,,,,,,inf,inf,6.5,False,True,results/exp2_aggregation/cent_full/history_addition_gd_p97_N256_a0.2_s123.json
exp2_a0.20_K50.log,exp2,,,False,centralized,addition,gd,97,256,0.2,456,,,,,,,,,,inf,inf,2.3,False,True,results/exp2_aggregation/cent_full/history_addition_gd_p97_N256_a0.2_s456.json
exp2_a0.20_K50.log,exp2,,,False,centralized,addition,gd,97,256,0.004,42,,,,,,,,,,inf,inf,0.5,False,True,results/exp2_aggregation/cent_reduced/history_addition_gd_p97_N256_a0.004_s42.json
exp2_a0.20_K50.log,exp2,,,False,centralized,addition,gd,97,256,0.004,123,,,,,,,,,,inf,inf,0.5,False,True,results/exp2_aggregation/cent_reduced/history_addition_gd_p97_N256_a0.004_s123.json
exp2_a0.20_K50.log,exp2,,,False,centralized,addition,gd,97,256,0.004,456,,,,,,,,,,inf,inf,0.6,False,True,results/exp2_aggregation/cent_reduced/history_addition_gd_p97_N256_a0.004_s456.json
exp2_a0.20_K50.log,exp2,,,False,federated,addition,gd,97,256,0.2,42,50,5,1.0,iid,,,,,,inf,inf,0.7,False,True,results/exp2_aggregation/fl_iid/history_fed_addition_gd_p97_N256_a0.2_K50_le5_ft1.0_iid_s42.json
exp2_a0.20_K50.log,exp2,,,False,federated,addition,gd,97,256,0.2,123,50,5,1.0,iid,,,,,,inf,inf,0.6,False,True,results/exp2_aggregation/fl_iid/history_fed_addition_gd_p97_N256_a0.2_K50_le5_ft1.0_iid_s123.json
exp2_a0.20_K97.log,exp2,,,False,centralized,addition,gd,97,256,0.2,42,,,,,,,,,,inf,inf,1.9,False,True,results/exp2_aggregation/cent_full/history_addition_gd_p97_N256_a0.2_s42.json
exp2_a0.20_K97.log,exp2,,,False,centralized,addition,gd,97,256,0.2,123,,,,,,,,,,inf,inf,6.5,False,True,results/exp2_aggregation/cent_full/history_addition_gd_p97_N256_a0.2_s123.json
exp2_a0.20_K97.log,exp2,,,False,centralized,addition,gd,97,256,0.2,456,,,,,,,,,,inf,inf,2.3,False,True,results/exp2_aggregation/cent_full/history_addition_gd_p97_N256_a0.2_s456.json
exp2_a0.20_K97.log,exp2,,,False,centralized,addition,gd,97,256,0.002061855670103093,42,,,,,,,,,,inf,inf,0.7,False,True,results/exp2_aggregation/cent_reduced/history_addition_gd_p97_N256_a0.002061855670103093_s42.json
exp2_a0.20_K97.log,exp2,,,False,centralized,addition,gd,97,256,0.002061855670103093,123,,,,,,,,,,inf,inf,0.7,False,True,results/exp2_aggregation/cent_reduced/history_addition_gd_p97_N256_a0.002061855670103093_s123.json
exp2_a0.20_K97.log,exp2,,,False,centralized,addition,gd,97,256,0.002061855670103093,456,,,,,,,,,,inf,inf,0.7,False,True,results/exp2_aggregation/cent_reduced/history_addition_gd_p97_N256_a0.002061855670103093_s456.json
exp2_a0.20_K97.log,exp2,,,False,federated,addition,gd,97,256,0.2,42,97,5,1.0,iid,,,,,,inf,inf,0.2,False,True,results/exp2_aggregation/fl_iid/history_fed_addition_gd_p97_N256_a0.2_K97_le5_ft1.0_iid_s42.json
exp2_a0.25_K10.log,exp2,,,False,centralized,addition,gd,97,256,0.25,42,,,,,,,,,,23200.0,19000.0,100.0,True,False,results/exp2_aggregation/cent_full/history_addition_gd_p97_N256_a0.25_s42.json
exp2_a0.25_K10.log,exp2,,,False,centralized,addition,gd,97,256,0.25,123,,,,,,,,,,25300.0,20400.0,100.0,True,False,results/exp2_aggregation/cent_full/history_addition_gd_p97_N256_a0.25_s123.json
exp2_a0.25_K10.log,exp2,,,False,centralized,addition,gd,97,256,0.25,456,,,,,,,,,,26900.0,21200.0,100.0,True,False,results/exp2_aggregation/cent_full/history_addition_gd_p97_N256_a0.25_s456.json
exp2_a0.25_K10.log,exp2,,,False,centralized,addition,gd,97,256,0.025,42,,,,,,,,,,inf,inf,0.0,False,True,results/exp2_aggregation/cent_reduced/history_addition_gd_p97_N256_a0.025_s42.json
exp2_a0.25_K10.log,exp2,,,False,centralized,addition,gd,97,256,0.025,123,,,,,,,,,,inf,inf,0.0,False,True,results/exp2_aggregation/cent_reduced/history_addition_gd_p97_N256_a0.025_s123.json
exp2_a0.25_K10.log,exp2,,,False,centralized,addition,gd,97,256,0.025,456,,,,,,,,,,inf,inf,0.0,False,True,results/exp2_aggregation/cent_reduced/history_addition_gd_p97_N256_a0.025_s456.json
exp2_a0.25_K10.log,exp2,,,False,federated,addition,gd,97,256,0.25,42,10,5,1.0,iid,,,,,,24450.0,20145.0,100.0,True,False,results/exp2_aggregation/fl_iid/history_fed_addition_gd_p97_N256_a0.25_K10_le5_ft1.0_iid_s42.json
exp2_a0.25_K10.log,exp2,,,False,federated,addition,gd,97,256,0.25,123,10,5,1.0,iid,,,,,,26780.0,21585.0,100.0,True,False,results/exp2_aggregation/fl_iid/history_fed_addition_gd_p97_N256_a0.25_K10_le5_ft1.0_iid_s123.json
exp2_a0.25_K10.log,exp2,,,False,federated,addition,gd,97,256,0.25,456,10,5,1.0,iid,,,,,,28790.0,22525.0,100.0,True,False,results/exp2_aggregation/fl_iid/history_fed_addition_gd_p97_N256_a0.25_K10_le5_ft1.0_iid_s456.json
exp2_a0.25_K2.log,exp2,,,False,centralized,addition,gd,97,256,0.25,42,,,,,,,,,,23200.0,19000.0,100.0,True,False,results/exp2_aggregation/cent_full/history_addition_gd_p97_N256_a0.25_s42.json
exp2_a0.25_K2.log,exp2,,,False,centralized,addition,gd,97,256,0.25,123,,,,,,,,,,25300.0,20400.0,100.0,True,False,results/exp2_aggregation/cent_full/history_addition_gd_p97_N256_a0.25_s123.json
exp2_a0.25_K2.log,exp2,,,False,centralized,addition,gd,97,256,0.25,456,,,,,,,,,,26900.0,21200.0,100.0,True,False,results/exp2_aggregation/cent_full/history_addition_gd_p97_N256_a0.25_s456.json
exp2_a0.25_K2.log,exp2,,,False,centralized,addition,gd,97,256,0.125,42,,,,,,,,,,inf,inf,0.6,False,True,results/exp2_aggregation/cent_reduced/history_addition_gd_p97_N256_a0.125_s42.json
exp2_a0.25_K2.log,exp2,,,False,centralized,addition,gd,97,256,0.125,123,,,,,,,,,,inf,inf,0.6,False,True,results/exp2_aggregation/cent_reduced/history_addition_gd_p97_N256_a0.125_s123.json
exp2_a0.25_K2.log,exp2,,,False,centralized,addition,gd,97,256,0.125,456,,,,,,,,,,inf,inf,0.5,False,True,results/exp2_aggregation/cent_reduced/history_addition_gd_p97_N256_a0.125_s456.json
exp2_a0.25_K2.log,exp2,,,False,federated,addition,gd,97,256,0.25,42,2,5,1.0,iid,,,,,,23285.0,19030.0,100.0,True,False,results/exp2_aggregation/fl_iid/history_fed_addition_gd_p97_N256_a0.25_K2_le5_ft1.0_iid_s42.json
exp2_a0.25_K2.log,exp2,,,False,federated,addition,gd,97,256,0.25,123,2,5,1.0,iid,,,,,,25315.0,20490.0,100.0,True,False,results/exp2_aggregation/fl_iid/history_fed_addition_gd_p97_N256_a0.25_K2_le5_ft1.0_iid_s123.json
exp2_a0.25_K2.log,exp2,,,False,federated,addition,gd,97,256,0.25,456,2,5,1.0,iid,,,,,,27190.0,21260.0,100.0,True,False,results/exp2_aggregation/fl_iid/history_fed_addition_gd_p97_N256_a0.25_K2_le5_ft1.0_iid_s456.json
exp2_a0.25_K20.log,exp2,,,False,centralized,addition,gd,97,256,0.25,42,,,,,,,,,,23200.0,19000.0,100.0,True,False,results/exp2_aggregation/cent_full/history_addition_gd_p97_N256_a0.25_s42.json
exp2_a0.25_K20.log,exp2,,,False,centralized,addition,gd,97,256,0.25,123,,,,,,,,,,25300.0,20400.0,100.0,True,False,results/exp2_aggregation/cent_full/history_addition_gd_p97_N256_a0.25_s123.json
exp2_a0.25_K20.log,exp2,,,False,centralized,addition,gd,97,256,0.25,456,,,,,,,,,,26900.0,21200.0,100.0,True,False,results/exp2_aggregation/cent_full/history_addition_gd_p97_N256_a0.25_s456.json
exp2_a0.25_K20.log,exp2,,,False,centralized,addition,gd,97,256,0.0125,42,,,,,,,,,,inf,inf,0.1,False,True,results/exp2_aggregation/cent_reduced/history_addition_gd_p97_N256_a0.0125_s42.json
exp2_a0.25_K20.log,exp2,,,False,centralized,addition,gd,97,256,0.0125,123,,,,,,,,,,inf,inf,0.1,False,True,results/exp2_aggregation/cent_reduced/history_addition_gd_p97_N256_a0.0125_s123.json
exp2_a0.25_K20.log,exp2,,,False,centralized,addition,gd,97,256,0.0125,456,,,,,,,,,,inf,inf,0.1,False,True,results/exp2_aggregation/cent_reduced/history_addition_gd_p97_N256_a0.0125_s456.json
exp2_a0.25_K20.log,exp2,,,False,federated,addition,gd,97,256,0.25,42,20,5,1.0,iid,,,,,,27215.0,21950.0,100.0,True,False,results/exp2_aggregation/fl_iid/history_fed_addition_gd_p97_N256_a0.25_K20_le5_ft1.0_iid_s42.json
exp2_a0.25_K20.log,exp2,,,False,federated,addition,gd,97,256,0.25,123,20,5,1.0,iid,,,,,,29720.0,23480.0,100.0,True,False,results/exp2_aggregation/fl_iid/history_fed_addition_gd_p97_N256_a0.25_K20_le5_ft1.0_iid_s123.json
exp2_a0.25_K20.log,exp2,,,False,federated,addition,gd,97,256,0.25,456,20,5,1.0,iid,,,,,,33025.0,24940.0,100.0,True,False,results/exp2_aggregation/fl_iid/history_fed_addition_gd_p97_N256_a0.25_K20_le5_ft1.0_iid_s456.json
exp2_a0.25_K5.log,exp2,,,False,centralized,addition,gd,97,256,0.25,42,,,,,,,,,,23200.0,19000.0,100.0,True,False,results/exp2_aggregation/cent_full/history_addition_gd_p97_N256_a0.25_s42.json
exp2_a0.25_K5.log,exp2,,,False,centralized,addition,gd,97,256,0.25,123,,,,,,,,,,25300.0,20400.0,100.0,True,False,results/exp2_aggregation/cent_full/history_addition_gd_p97_N256_a0.25_s123.json
exp2_a0.25_K5.log,exp2,,,False,centralized,addition,gd,97,256,0.25,456,,,,,,,,,,26900.0,21200.0,100.0,True,False,results/exp2_aggregation/cent_full/history_addition_gd_p97_N256_a0.25_s456.json
exp2_a0.25_K5.log,exp2,,,False,centralized,addition,gd,97,256,0.05,42,,,,,,,,,,inf,inf,0.1,False,True,results/exp2_aggregation/cent_reduced/history_addition_gd_p97_N256_a0.05_s42.json
exp2_a0.25_K5.log,exp2,,,False,centralized,addition,gd,97,256,0.05,123,,,,,,,,,,inf,inf,0.1,False,True,results/exp2_aggregation/cent_reduced/history_addition_gd_p97_N256_a0.05_s123.json
exp2_a0.25_K5.log,exp2,,,False,centralized,addition,gd,97,256,0.05,456,,,,,,,,,,inf,inf,0.0,False,True,results/exp2_aggregation/cent_reduced/history_addition_gd_p97_N256_a0.05_s456.json
exp2_a0.25_K5.log,exp2,,,False,federated,addition,gd,97,256,0.25,42,5,5,1.0,iid,,,,,,23625.0,19295.0,100.0,True,False,results/exp2_aggregation/fl_iid/history_fed_addition_gd_p97_N256_a0.25_K5_le5_ft1.0_iid_s42.json
exp2_a0.25_K5.log,exp2,,,False,federated,addition,gd,97,256,0.25,123,5,5,1.0,iid,,,,,,25845.0,20850.0,100.0,True,False,results/exp2_aggregation/fl_iid/history_fed_addition_gd_p97_N256_a0.25_K5_le5_ft1.0_iid_s123.json
exp2_a0.25_K5.log,exp2,,,False,federated,addition,gd,97,256,0.25,456,5,5,1.0,iid,,,,,,27880.0,21665.0,100.0,True,False,results/exp2_aggregation/fl_iid/history_fed_addition_gd_p97_N256_a0.25_K5_le5_ft1.0_iid_s456.json
exp2_a0.25_K50.log,exp2,,,False,centralized,addition,gd,97,256,0.25,42,,,,,,,,,,23200.0,19000.0,100.0,True,False,results/exp2_aggregation/cent_full/history_addition_gd_p97_N256_a0.25_s42.json
exp2_a0.25_K50.log,exp2,,,False,centralized,addition,gd,97,256,0.25,123,,,,,,,,,,25300.0,20400.0,100.0,True,False,results/exp2_aggregation/cent_full/history_addition_gd_p97_N256_a0.25_s123.json
exp2_a0.25_K50.log,exp2,,,False,centralized,addition,gd,97,256,0.25,456,,,,,,,,,,26900.0,21200.0,100.0,True,False,results/exp2_aggregation/cent_full/history_addition_gd_p97_N256_a0.25_s456.json
exp2_a0.25_K50.log,exp2,,,False,centralized,addition,gd,97,256,0.005,42,,,,,,,,,,inf,inf,0.5,False,True,results/exp2_aggregation/cent_reduced/history_addition_gd_p97_N256_a0.005_s42.json
exp2_a0.25_K50.log,exp2,,,False,centralized,addition,gd,97,256,0.005,123,,,,,,,,,,inf,inf,0.5,False,True,results/exp2_aggregation/cent_reduced/history_addition_gd_p97_N256_a0.005_s123.json
exp2_a0.25_K50.log,exp2,,,False,centralized,addition,gd,97,256,0.005,456,,,,,,,,,,inf,inf,0.5,False,True,results/exp2_aggregation/cent_reduced/history_addition_gd_p97_N256_a0.005_s456.json
exp2_a0.25_K50.log,exp2,,,False,federated,addition,gd,97,256,0.25,42,50,5,1.0,iid,,,,,,40600.0,29880.0,99.9,True,False,results/exp2_aggregation/fl_iid/history_fed_addition_gd_p97_N256_a0.25_K50_le5_ft1.0_iid_s42.json
exp2_a0.25_K50.log,exp2,,,False,federated,addition,gd,97,256,0.25,123,50,5,1.0,iid,,,,,,43975.0,33195.0,99.7,True,False,results/exp2_aggregation/fl_iid/history_fed_addition_gd_p97_N256_a0.25_K50_le5_ft1.0_iid_s123.json
exp2_a0.25_K50.log,exp2,,,False,federated,addition,gd,97,256,0.25,456,50,5,1.0,iid,,,,,,inf,36605.0,93.0,False,True,results/exp2_aggregation/fl_iid/history_fed_addition_gd_p97_N256_a0.25_K50_le5_ft1.0_iid_s456.json
exp2_a0.25_K97.log,exp2,,,False,centralized,addition,gd,97,256,0.25,42,,,,,,,,,,23200.0,19000.0,100.0,True,False,results/exp2_aggregation/cent_full/history_addition_gd_p97_N256_a0.25_s42.json
exp2_a0.25_K97.log,exp2,,,False,centralized,addition,gd,97,256,0.25,123,,,,,,,,,,25300.0,20400.0,100.0,True,False,results/exp2_aggregation/cent_full/history_addition_gd_p97_N256_a0.25_s123.json
exp2_a0.25_K97.log,exp2,,,False,centralized,addition,gd,97,256,0.25,456,,,,,,,,,,26900.0,21200.0,100.0,True,False,results/exp2_aggregation/cent_full/history_addition_gd_p97_N256_a0.25_s456.json
exp2_a0.25_K97.log,exp2,,,False,centralized,addition,gd,97,256,0.002577319587628866,42,,,,,,,,,,inf,inf,0.6,False,True,results/exp2_aggregation/cent_reduced/history_addition_gd_p97_N256_a0.002577319587628866_s42.json
exp2_a0.25_K97.log,exp2,,,False,centralized,addition,gd,97,256,0.002577319587628866,123,,,,,,,,,,inf,inf,0.6,False,True,results/exp2_aggregation/cent_reduced/history_addition_gd_p97_N256_a0.002577319587628866_s123.json
exp2_a0.25_K97.log,exp2,,,False,centralized,addition,gd,97,256,0.002577319587628866,456,,,,,,,,,,inf,inf,0.6,False,True,results/exp2_aggregation/cent_reduced/history_addition_gd_p97_N256_a0.002577319587628866_s456.json
exp2_a0.25_K97.log,exp2,,,False,federated,addition,gd,97,256,0.25,42,97,5,1.0,iid,,,,,,inf,inf,15.9,False,True,results/exp2_aggregation/fl_iid/history_fed_addition_gd_p97_N256_a0.25_K97_le5_ft1.0_iid_s42.json
exp2_a0.25_K97.log,exp2,,,False,federated,addition,gd,97,256,0.25,123,97,5,1.0,iid,,,,,,inf,inf,4.7,False,True,results/exp2_aggregation/fl_iid/history_fed_addition_gd_p97_N256_a0.25_K97_le5_ft1.0_iid_s123.json
exp2_a0.25_K97.log,exp2,,,False,federated,addition,gd,97,256,0.25,456,97,5,1.0,iid,,,,,,inf,inf,5.2,False,True,results/exp2_aggregation/fl_iid/history_fed_addition_gd_p97_N256_a0.25_K97_le5_ft1.0_iid_s456.json
exp2_a0.2_K50.log,exp2,,,False,centralized,addition,gd,97,256,0.2,42,,,,,,,,,,inf,inf,1.9,False,True,results/exp2_aggregation/cent_full/history_addition_gd_p97_N256_a0.2_s42.json
exp2_a0.2_K50.log,exp2,,,False,centralized,addition,gd,97,256,0.2,123,,,,,,,,,,inf,inf,6.5,False,True,results/exp2_aggregation/cent_full/history_addition_gd_p97_N256_a0.2_s123.json
exp2_a0.2_K50.log,exp2,,,False,centralized,addition,gd,97,256,0.2,456,,,,,,,,,,inf,inf,2.3,False,True,results/exp2_aggregation/cent_full/history_addition_gd_p97_N256_a0.2_s456.json
exp2_a0.2_K50.log,exp2,,,False,centralized,addition,gd,97,256,0.004,42,,,,,,,,,,inf,inf,0.5,False,True,results/exp2_aggregation/cent_reduced/history_addition_gd_p97_N256_a0.004_s42.json
exp2_a0.2_K50.log,exp2,,,False,centralized,addition,gd,97,256,0.004,123,,,,,,,,,,inf,inf,0.5,False,True,results/exp2_aggregation/cent_reduced/history_addition_gd_p97_N256_a0.004_s123.json
exp2_a0.2_K50.log,exp2,,,False,centralized,addition,gd,97,256,0.004,456,,,,,,,,,,inf,inf,0.6,False,True,results/exp2_aggregation/cent_reduced/history_addition_gd_p97_N256_a0.004_s456.json
exp2_a0.2_K50.log,exp2,,,False,federated,addition,gd,97,256,0.2,42,50,5,1.0,iid,,,,,,inf,inf,0.7,False,True,results/exp2_aggregation/fl_iid/history_fed_addition_gd_p97_N256_a0.2_K50_le5_ft1.0_iid_s42.json
exp2_a0.2_K50.log,exp2,,,False,federated,addition,gd,97,256,0.2,123,50,5,1.0,iid,,,,,,inf,inf,0.7,False,True,results/exp2_aggregation/fl_iid/history_fed_addition_gd_p97_N256_a0.2_K50_le5_ft1.0_iid_s123.json
exp2_a0.2_K50.log,exp2,,,False,federated,addition,gd,97,256,0.2,456,50,5,1.0,iid,,,,,,inf,inf,0.6,False,True,results/exp2_aggregation/fl_iid/history_fed_addition_gd_p97_N256_a0.2_K50_le5_ft1.0_iid_s456.json
exp2_a0.2_K97.log,exp2,,,False,centralized,addition,gd,97,256,0.2,42,,,,,,,,,,inf,inf,1.9,False,True,results/exp2_aggregation/cent_full/history_addition_gd_p97_N256_a0.2_s42.json
exp2_a0.2_K97.log,exp2,,,False,centralized,addition,gd,97,256,0.2,123,,,,,,,,,,inf,inf,6.5,False,True,results/exp2_aggregation/cent_full/history_addition_gd_p97_N256_a0.2_s123.json
exp2_a0.2_K97.log,exp2,,,False,centralized,addition,gd,97,256,0.2,456,,,,,,,,,,inf,inf,2.3,False,True,results/exp2_aggregation/cent_full/history_addition_gd_p97_N256_a0.2_s456.json
exp2_a0.2_K97.log,exp2,,,False,centralized,addition,gd,97,256,0.002061855670103093,42,,,,,,,,,,inf,inf,0.7,False,True,results/exp2_aggregation/cent_reduced/history_addition_gd_p97_N256_a0.002061855670103093_s42.json
exp2_a0.2_K97.log,exp2,,,False,centralized,addition,gd,97,256,0.002061855670103093,123,,,,,,,,,,inf,inf,0.7,False,True,results/exp2_aggregation/cent_reduced/history_addition_gd_p97_N256_a0.002061855670103093_s123.json
exp2_a0.2_K97.log,exp2,,,False,centralized,addition,gd,97,256,0.002061855670103093,456,,,,,,,,,,inf,inf,0.7,False,True,results/exp2_aggregation/cent_reduced/history_addition_gd_p97_N256_a0.002061855670103093_s456.json
exp2_a0.2_K97.log,exp2,,,False,federated,addition,gd,97,256,0.2,42,97,5,1.0,iid,,,,,,inf,inf,0.3,False,True,results/exp2_aggregation/fl_iid/history_fed_addition_gd_p97_N256_a0.2_K97_le5_ft1.0_iid_s42.json
exp2_a0.2_K97.log,exp2,,,False,federated,addition,gd,97,256,0.2,123,97,5,1.0,iid,,,,,,inf,inf,0.4,False,True,results/exp2_aggregation/fl_iid/history_fed_addition_gd_p97_N256_a0.2_K97_le5_ft1.0_iid_s123.json
exp2_a0.2_K97.log,exp2,,,False,federated,addition,gd,97,256,0.2,456,97,5,1.0,iid,,,,,,inf,inf,0.4,False,True,results/exp2_aggregation/fl_iid/history_fed_addition_gd_p97_N256_a0.2_K97_le5_ft1.0_iid_s456.json
exp2_a0.30_K10.log,exp2,,,False,centralized,addition,gd,97,256,0.3,42,,,,,,,,,,12600.0,10600.0,100.0,True,False,results/exp2_aggregation/cent_full/history_addition_gd_p97_N256_a0.3_s42.json
exp2_a0.30_K10.log,exp2,,,False,centralized,addition,gd,97,256,0.3,123,,,,,,,,,,12600.0,10600.0,100.0,True,False,results/exp2_aggregation/cent_full/history_addition_gd_p97_N256_a0.3_s123.json
exp2_a0.30_K10.log,exp2,,,False,centralized,addition,gd,97,256,0.3,456,,,,,,,,,,13300.0,11500.0,100.0,True,False,results/exp2_aggregation/cent_full/history_addition_gd_p97_N256_a0.3_s456.json
exp2_a0.30_K10.log,exp2,,,False,centralized,addition,gd,97,256,0.03,42,,,,,,,,,,inf,inf,0.0,False,True,results/exp2_aggregation/cent_reduced/history_addition_gd_p97_N256_a0.03_s42.json
exp2_a0.30_K10.log,exp2,,,False,centralized,addition,gd,97,256,0.03,123,,,,,,,,,,inf,inf,0.0,False,True,results/exp2_aggregation/cent_reduced/history_addition_gd_p97_N256_a0.03_s123.json
exp2_a0.30_K10.log,exp2,,,False,centralized,addition,gd,97,256,0.03,456,,,,,,,,,,inf,inf,0.0,False,True,results/exp2_aggregation/cent_reduced/history_addition_gd_p97_N256_a0.03_s456.json
exp2_a0.30_K2.log,exp2,,,False,centralized,addition,gd,97,256,0.3,42,,,,,,,,,,12600.0,10600.0,100.0,True,False,results/exp2_aggregation/cent_full/history_addition_gd_p97_N256_a0.3_s42.json
exp2_a0.30_K2.log,exp2,,,False,centralized,addition,gd,97,256,0.3,123,,,,,,,,,,12600.0,10600.0,100.0,True,False,results/exp2_aggregation/cent_full/history_addition_gd_p97_N256_a0.3_s123.json
exp2_a0.30_K2.log,exp2,,,False,centralized,addition,gd,97,256,0.3,456,,,,,,,,,,13300.0,11500.0,100.0,True,False,results/exp2_aggregation/cent_full/history_addition_gd_p97_N256_a0.3_s456.json
exp2_a0.30_K2.log,exp2,,,False,centralized,addition,gd,97,256,0.15,42,,,,,,,,,,inf,inf,0.5,False,True,results/exp2_aggregation/cent_reduced/history_addition_gd_p97_N256_a0.15_s42.json
exp2_a0.30_K2.log,exp2,,,False,centralized,addition,gd,97,256,0.15,123,,,,,,,,,,inf,inf,0.7,False,True,results/exp2_aggregation/cent_reduced/history_addition_gd_p97_N256_a0.15_s123.json
exp2_a0.30_K2.log,exp2,,,False,centralized,addition,gd,97,256,0.15,456,,,,,,,,,,inf,inf,0.6,False,True,results/exp2_aggregation/cent_reduced/history_addition_gd_p97_N256_a0.15_s456.json
exp2_a0.30_K2.log,exp2,,,False,federated,addition,gd,97,256,0.3,42,2,5,1.0,iid,,,,,,12550.0,10600.0,100.0,True,False,results/exp2_aggregation/fl_iid/history_fed_addition_gd_p97_N256_a0.3_K2_le5_ft1.0_iid_s42.json
exp2_a0.30_K2.log,exp2,,,False,federated,addition,gd,97,256,0.3,123,2,5,1.0,iid,,,,,,12575.0,10560.0,100.0,True,False,results/exp2_aggregation/fl_iid/history_fed_addition_gd_p97_N256_a0.3_K2_le5_ft1.0_iid_s123.json
exp2_a0.30_K2.log,exp2,,,False,federated,addition,gd,97,256,0.3,456,2,5,1.0,iid,,,,,,13340.0,11475.0,100.0,True,False,results/exp2_aggregation/fl_iid/history_fed_addition_gd_p97_N256_a0.3_K2_le5_ft1.0_iid_s456.json
exp2_a0.30_K20.log,exp2,,,False,centralized,addition,gd,97,256,0.3,42,,,,,,,,,,12600.0,10600.0,100.0,True,False,results/exp2_aggregation/cent_full/history_addition_gd_p97_N256_a0.3_s42.json
exp2_a0.30_K20.log,exp2,,,False,centralized,addition,gd,97,256,0.3,123,,,,,,,,,,12600.0,10600.0,100.0,True,False,results/exp2_aggregation/cent_full/history_addition_gd_p97_N256_a0.3_s123.json
exp2_a0.30_K20.log,exp2,,,False,centralized,addition,gd,97,256,0.3,456,,,,,,,,,,13300.0,11500.0,100.0,True,False,results/exp2_aggregation/cent_full/history_addition_gd_p97_N256_a0.3_s456.json
exp2_a0.30_K20.log,exp2,,,False,centralized,addition,gd,97,256,0.015,42,,,,,,,,,,inf,inf,0.0,False,True,results/exp2_aggregation/cent_reduced/history_addition_gd_p97_N256_a0.015_s42.json
exp2_a0.30_K20.log,exp2,,,False,centralized,addition,gd,97,256,0.015,123,,,,,,,,,,inf,inf,0.1,False,True,results/exp2_aggregation/cent_reduced/history_addition_gd_p97_N256_a0.015_s123.json
exp2_a0.30_K20.log,exp2,,,False,centralized,addition,gd,97,256,0.015,456,,,,,,,,,,inf,inf,0.0,False,True,results/exp2_aggregation/cent_reduced/history_addition_gd_p97_N256_a0.015_s456.json
exp2_a0.30_K5.log,exp2,,,False,centralized,addition,gd,97,256,0.3,42,,,,,,,,,,12600.0,10600.0,100.0,True,False,results/exp2_aggregation/cent_full/history_addition_gd_p97_N256_a0.3_s42.json
exp2_a0.30_K5.log,exp2,,,False,centralized,addition,gd,97,256,0.3,123,,,,,,,,,,12600.0,10600.0,100.0,True,False,results/exp2_aggregation/cent_full/history_addition_gd_p97_N256_a0.3_s123.json
exp2_a0.30_K5.log,exp2,,,False,centralized,addition,gd,97,256,0.3,456,,,,,,,,,,13300.0,11500.0,100.0,True,False,results/exp2_aggregation/cent_full/history_addition_gd_p97_N256_a0.3_s456.json
exp2_a0.30_K5.log,exp2,,,False,centralized,addition,gd,97,256,0.06,42,,,,,,,,,,inf,inf,0.2,False,True,results/exp2_aggregation/cent_reduced/history_addition_gd_p97_N256_a0.06_s42.json
exp2_a0.30_K5.log,exp2,,,False,centralized,addition,gd,97,256,0.06,123,,,,,,,,,,inf,inf,0.2,False,True,results/exp2_aggregation/cent_reduced/history_addition_gd_p97_N256_a0.06_s123.json
exp2_a0.30_K5.log,exp2,,,False,centralized,addition,gd,97,256,0.06,456,,,,,,,,,,inf,inf,0.1,False,True,results/exp2_aggregation/cent_reduced/history_addition_gd_p97_N256_a0.06_s456.json
exp2_a0.30_K5.log,exp2,,,False,federated,addition,gd,97,256,0.3,42,5,5,1.0,iid,,,,,,12650.0,10680.0,100.0,True,False,results/exp2_aggregation/fl_iid/history_fed_addition_gd_p97_N256_a0.3_K5_le5_ft1.0_iid_s42.json
exp2_a0.30_K5.log,exp2,,,False,federated,addition,gd,97,256,0.3,123,5,5,1.0,iid,,,,,,12665.0,10620.0,100.0,True,False,results/exp2_aggregation/fl_iid/history_fed_addition_gd_p97_N256_a0.3_K5_le5_ft1.0_iid_s123.json
exp2_a0.30_K5.log,exp2,,,False,federated,addition,gd,97,256,0.3,456,5,5,1.0,iid,,,,,,13445.0,11555.0,100.0,True,False,results/exp2_aggregation/fl_iid/history_fed_addition_gd_p97_N256_a0.3_K5_le5_ft1.0_iid_s456.json
exp2_a0.30_K50.log,exp2,,,False,centralized,addition,gd,97,256,0.3,42,,,,,,,,,,12600.0,10600.0,100.0,True,False,results/exp2_aggregation/cent_full/history_addition_gd_p97_N256_a0.3_s42.json
exp2_a0.30_K50.log,exp2,,,False,centralized,addition,gd,97,256,0.3,123,,,,,,,,,,12600.0,10600.0,100.0,True,False,results/exp2_aggregation/cent_full/history_addition_gd_p97_N256_a0.3_s123.json
exp2_a0.30_K50.log,exp2,,,False,centralized,addition,gd,97,256,0.3,456,,,,,,,,,,13300.0,11500.0,100.0,True,False,results/exp2_aggregation/cent_full/history_addition_gd_p97_N256_a0.3_s456.json
exp2_a0.30_K50.log,exp2,,,False,centralized,addition,gd,97,256,0.006,42,,,,,,,,,,inf,inf,0.4,False,True,results/exp2_aggregation/cent_reduced/history_addition_gd_p97_N256_a0.006_s42.json
exp2_a0.30_K50.log,exp2,,,False,centralized,addition,gd,97,256,0.006,123,,,,,,,,,,inf,inf,0.3,False,True,results/exp2_aggregation/cent_reduced/history_addition_gd_p97_N256_a0.006_s123.json
exp2_a0.30_K50.log,exp2,,,False,centralized,addition,gd,97,256,0.006,456,,,,,,,,,,inf,inf,0.4,False,True,results/exp2_aggregation/cent_reduced/history_addition_gd_p97_N256_a0.006_s456.json
exp2_a0.30_K97.log,exp2,,,False,centralized,addition,gd,97,256,0.3,42,,,,,,,,,,12600.0,10600.0,100.0,True,False,results/exp2_aggregation/cent_full/history_addition_gd_p97_N256_a0.3_s42.json
exp2_a0.30_K97.log,exp2,,,False,centralized,addition,gd,97,256,0.3,123,,,,,,,,,,12600.0,10600.0,100.0,True,False,results/exp2_aggregation/cent_full/history_addition_gd_p97_N256_a0.3_s123.json
exp2_a0.30_K97.log,exp2,,,False,centralized,addition,gd,97,256,0.3,456,,,,,,,,,,13300.0,11500.0,100.0,True,False,results/exp2_aggregation/cent_full/history_addition_gd_p97_N256_a0.3_s456.json
exp2_a0.30_K97.log,exp2,,,False,centralized,addition,gd,97,256,0.003092783505154639,42,,,,,,,,,,inf,inf,0.7,False,True,results/exp2_aggregation/cent_reduced/history_addition_gd_p97_N256_a0.003092783505154639_s42.json
exp2_a0.30_K97.log,exp2,,,False,centralized,addition,gd,97,256,0.003092783505154639,123,,,,,,,,,,inf,inf,0.6,False,True,results/exp2_aggregation/cent_reduced/history_addition_gd_p97_N256_a0.003092783505154639_s123.json
exp2_a0.30_K97.log,exp2,,,False,centralized,addition,gd,97,256,0.003092783505154639,456,,,,,,,,,,inf,inf,0.6,False,True,results/exp2_aggregation/cent_reduced/history_addition_gd_p97_N256_a0.003092783505154639_s456.json
exp2_a0.35_K10.log,exp2,,,False,centralized,addition,gd,97,256,0.35,42,,,,,,,,,,10000.0,8700.0,100.0,True,False,results/exp2_aggregation/cent_full/history_addition_gd_p97_N256_a0.35_s42.json
exp2_a0.35_K10.log,exp2,,,False,centralized,addition,gd,97,256,0.35,123,,,,,,,,,,9900.0,8500.0,100.0,True,False,results/exp2_aggregation/cent_full/history_addition_gd_p97_N256_a0.35_s123.json
exp2_a0.35_K10.log,exp2,,,False,centralized,addition,gd,97,256,0.35,456,,,,,,,,,,9700.0,8600.0,100.0,True,False,results/exp2_aggregation/cent_full/history_addition_gd_p97_N256_a0.35_s456.json
exp2_a0.35_K10.log,exp2,,,False,centralized,addition,gd,97,256,0.034999999999999996,42,,,,,,,,,,inf,inf,0.0,False,True,results/exp2_aggregation/cent_reduced/history_addition_gd_p97_N256_a0.034999999999999996_s42.json
exp2_a0.35_K10.log,exp2,,,False,centralized,addition,gd,97,256,0.034999999999999996,123,,,,,,,,,,inf,inf,0.0,False,True,results/exp2_aggregation/cent_reduced/history_addition_gd_p97_N256_a0.034999999999999996_s123.json
exp2_a0.35_K10.log,exp2,,,False,centralized,addition,gd,97,256,0.034999999999999996,456,,,,,,,,,,inf,inf,0.0,False,True,results/exp2_aggregation/cent_reduced/history_addition_gd_p97_N256_a0.034999999999999996_s456.json
exp2_a0.35_K10.log,exp2,,,False,federated,addition,gd,97,256,0.35,42,10,5,1.0,iid,,,,,,10120.0,8780.0,100.0,True,False,results/exp2_aggregation/fl_iid/history_fed_addition_gd_p97_N256_a0.35_K10_le5_ft1.0_iid_s42.json
exp2_a0.35_K10.log,exp2,,,False,federated,addition,gd,97,256,0.35,123,10,5,1.0,iid,,,,,,9990.0,8570.0,100.0,True,False,results/exp2_aggregation/fl_iid/history_fed_addition_gd_p97_N256_a0.35_K10_le5_ft1.0_iid_s123.json
exp2_a0.35_K10.log,exp2,,,False,federated,addition,gd,97,256,0.35,456,10,5,1.0,iid,,,,,,9745.0,8605.0,100.0,True,False,results/exp2_aggregation/fl_iid/history_fed_addition_gd_p97_N256_a0.35_K10_le5_ft1.0_iid_s456.json
exp2_a0.35_K2.log,exp2,,,False,centralized,addition,gd,97,256,0.35,42,,,,,,,,,,10000.0,8700.0,100.0,True,False,results/exp2_aggregation/cent_full/history_addition_gd_p97_N256_a0.35_s42.json
exp2_a0.35_K2.log,exp2,,,False,centralized,addition,gd,97,256,0.35,123,,,,,,,,,,9900.0,8500.0,100.0,True,False,results/exp2_aggregation/cent_full/history_addition_gd_p97_N256_a0.35_s123.json
exp2_a0.35_K2.log,exp2,,,False,centralized,addition,gd,97,256,0.35,456,,,,,,,,,,9700.0,8600.0,100.0,True,False,results/exp2_aggregation/cent_full/history_addition_gd_p97_N256_a0.35_s456.json
exp2_a0.35_K2.log,exp2,,,False,centralized,addition,gd,97,256,0.175,42,,,,,,,,,,inf,inf,0.7,False,True,results/exp2_aggregation/cent_reduced/history_addition_gd_p97_N256_a0.175_s42.json
exp2_a0.35_K2.log,exp2,,,False,centralized,addition,gd,97,256,0.175,123,,,,,,,,,,inf,inf,0.8,False,True,results/exp2_aggregation/cent_reduced/history_addition_gd_p97_N256_a0.175_s123.json
exp2_a0.35_K2.log,exp2,,,False,centralized,addition,gd,97,256,0.175,456,,,,,,,,,,inf,inf,0.7,False,True,results/exp2_aggregation/cent_reduced/history_addition_gd_p97_N256_a0.175_s456.json
exp2_a0.35_K2.log,exp2,,,False,federated,addition,gd,97,256,0.35,42,2,5,1.0,iid,,,,,,10010.0,8695.0,100.0,True,False,results/exp2_aggregation/fl_iid/history_fed_addition_gd_p97_N256_a0.35_K2_le5_ft1.0_iid_s42.json
exp2_a0.35_K2.log,exp2,,,False,federated,addition,gd,97,256,0.35,123,2,5,1.0,iid,,,,,,9880.0,8475.0,100.0,True,False,results/exp2_aggregation/fl_iid/history_fed_addition_gd_p97_N256_a0.35_K2_le5_ft1.0_iid_s123.json
exp2_a0.35_K2.log,exp2,,,False,federated,addition,gd,97,256,0.35,456,2,5,1.0,iid,,,,,,9625.0,8525.0,100.0,True,False,results/exp2_aggregation/fl_iid/history_fed_addition_gd_p97_N256_a0.35_K2_le5_ft1.0_iid_s456.json
exp2_a0.35_K20.log,exp2,,,False,centralized,addition,gd,97,256,0.35,42,,,,,,,,,,10000.0,8700.0,100.0,True,False,results/exp2_aggregation/cent_full/history_addition_gd_p97_N256_a0.35_s42.json
exp2_a0.35_K20.log,exp2,,,False,centralized,addition,gd,97,256,0.35,123,,,,,,,,,,9900.0,8500.0,100.0,True,False,results/exp2_aggregation/cent_full/history_addition_gd_p97_N256_a0.35_s123.json
exp2_a0.35_K20.log,exp2,,,False,centralized,addition,gd,97,256,0.35,456,,,,,,,,,,9700.0,8600.0,100.0,True,False,results/exp2_aggregation/cent_full/history_addition_gd_p97_N256_a0.35_s456.json
exp2_a0.35_K20.log,exp2,,,False,centralized,addition,gd,97,256,0.017499999999999998,42,,,,,,,,,,inf,inf,0.0,False,True,results/exp2_aggregation/cent_reduced/history_addition_gd_p97_N256_a0.017499999999999998_s42.json
exp2_a0.35_K20.log,exp2,,,False,centralized,addition,gd,97,256,0.017499999999999998,123,,,,,,,,,,inf,inf,0.0,False,True,results/exp2_aggregation/cent_reduced/history_addition_gd_p97_N256_a0.017499999999999998_s123.json
exp2_a0.35_K20.log,exp2,,,False,centralized,addition,gd,97,256,0.017499999999999998,456,,,,,,,,,,inf,inf,0.0,False,True,results/exp2_aggregation/cent_reduced/history_addition_gd_p97_N256_a0.017499999999999998_s456.json
exp2_a0.35_K20.log,exp2,,,False,federated,addition,gd,97,256,0.35,42,20,5,1.0,iid,,,,,,10250.0,8890.0,100.0,True,False,results/exp2_aggregation/fl_iid/history_fed_addition_gd_p97_N256_a0.35_K20_le5_ft1.0_iid_s42.json
exp2_a0.35_K20.log,exp2,,,False,federated,addition,gd,97,256,0.35,123,20,5,1.0,iid,,,,,,10135.0,8655.0,100.0,True,False,results/exp2_aggregation/fl_iid/history_fed_addition_gd_p97_N256_a0.35_K20_le5_ft1.0_iid_s123.json
exp2_a0.35_K20.log,exp2,,,False,federated,addition,gd,97,256,0.35,456,20,5,1.0,iid,,,,,,9865.0,8705.0,100.0,True,False,results/exp2_aggregation/fl_iid/history_fed_addition_gd_p97_N256_a0.35_K20_le5_ft1.0_iid_s456.json
exp2_a0.35_K5.log,exp2,,,False,centralized,addition,gd,97,256,0.35,42,,,,,,,,,,10000.0,8700.0,100.0,True,False,results/exp2_aggregation/cent_full/history_addition_gd_p97_N256_a0.35_s42.json
exp2_a0.35_K5.log,exp2,,,False,centralized,addition,gd,97,256,0.35,123,,,,,,,,,,9900.0,8500.0,100.0,True,False,results/exp2_aggregation/cent_full/history_addition_gd_p97_N256_a0.35_s123.json
exp2_a0.35_K5.log,exp2,,,False,centralized,addition,gd,97,256,0.35,456,,,,,,,,,,9700.0,8600.0,100.0,True,False,results/exp2_aggregation/cent_full/history_addition_gd_p97_N256_a0.35_s456.json
exp2_a0.35_K5.log,exp2,,,False,centralized,addition,gd,97,256,0.06999999999999999,42,,,,,,,,,,inf,inf,0.2,False,True,results/exp2_aggregation/cent_reduced/history_addition_gd_p97_N256_a0.06999999999999999_s42.json
exp2_a0.35_K5.log,exp2,,,False,centralized,addition,gd,97,256,0.06999999999999999,123,,,,,,,,,,inf,inf,0.3,False,True,results/exp2_aggregation/cent_reduced/history_addition_gd_p97_N256_a0.06999999999999999_s123.json
exp2_a0.35_K5.log,exp2,,,False,centralized,addition,gd,97,256,0.06999999999999999,456,,,,,,,,,,inf,inf,0.2,False,True,results/exp2_aggregation/cent_reduced/history_addition_gd_p97_N256_a0.06999999999999999_s456.json
exp2_a0.35_K5.log,exp2,,,False,federated,addition,gd,97,256,0.35,42,5,5,1.0,iid,,,,,,10050.0,8725.0,100.0,True,False,results/exp2_aggregation/fl_iid/history_fed_addition_gd_p97_N256_a0.35_K5_le5_ft1.0_iid_s42.json
exp2_a0.35_K5.log,exp2,,,False,federated,addition,gd,97,256,0.35,123,5,5,1.0,iid,,,,,,9930.0,8515.0,100.0,True,False,results/exp2_aggregation/fl_iid/history_fed_addition_gd_p97_N256_a0.35_K5_le5_ft1.0_iid_s123.json
exp2_a0.35_K5.log,exp2,,,False,federated,addition,gd,97,256,0.35,456,5,5,1.0,iid,,,,,,9665.0,8550.0,100.0,True,False,results/exp2_aggregation/fl_iid/history_fed_addition_gd_p97_N256_a0.35_K5_le5_ft1.0_iid_s456.json
exp2_a0.35_K50.log,exp2,,,False,centralized,addition,gd,97,256,0.35,42,,,,,,,,,,10000.0,8700.0,100.0,True,False,results/exp2_aggregation/cent_full/history_addition_gd_p97_N256_a0.35_s42.json
exp2_a0.35_K50.log,exp2,,,False,centralized,addition,gd,97,256,0.35,123,,,,,,,,,,9900.0,8500.0,100.0,True,False,results/exp2_aggregation/cent_full/history_addition_gd_p97_N256_a0.35_s123.json
exp2_a0.35_K50.log,exp2,,,False,centralized,addition,gd,97,256,0.35,456,,,,,,,,,,9700.0,8600.0,100.0,True,False,results/exp2_aggregation/cent_full/history_addition_gd_p97_N256_a0.35_s456.json
exp2_a0.35_K50.log,exp2,,,False,centralized,addition,gd,97,256,0.006999999999999999,42,,,,,,,,,,inf,inf,0.3,False,True,results/exp2_aggregation/cent_reduced/history_addition_gd_p97_N256_a0.006999999999999999_s42.json
exp2_a0.35_K50.log,exp2,,,False,centralized,addition,gd,97,256,0.006999999999999999,123,,,,,,,,,,inf,inf,0.3,False,True,results/exp2_aggregation/cent_reduced/history_addition_gd_p97_N256_a0.006999999999999999_s123.json
exp2_a0.35_K50.log,exp2,,,False,centralized,addition,gd,97,256,0.006999999999999999,456,,,,,,,,,,inf,inf,0.3,False,True,results/exp2_aggregation/cent_reduced/history_addition_gd_p97_N256_a0.006999999999999999_s456.json
exp2_a0.35_K50.log,exp2,,,False,federated,addition,gd,97,256,0.35,42,50,5,1.0,iid,,,,,,10760.0,9310.0,100.0,True,False,results/exp2_aggregation/fl_iid/history_fed_addition_gd_p97_N256_a0.35_K50_le5_ft1.0_iid_s42.json
exp2_a0.35_K50.log,exp2,,,False,federated,addition,gd,97,256,0.35,123,50,5,1.0,iid,,,,,,10655.0,9075.0,100.0,True,False,results/exp2_aggregation/fl_iid/history_fed_addition_gd_p97_N256_a0.35_K50_le5_ft1.0_iid_s123.json
exp2_a0.35_K50.log,exp2,,,False,federated,addition,gd,97,256,0.35,456,50,5,1.0,iid,,,,,,10355.0,9105.0,100.0,True,False,results/exp2_aggregation/fl_iid/history_fed_addition_gd_p97_N256_a0.35_K50_le5_ft1.0_iid_s456.json
exp2_a0.35_K97.log,exp2,,,False,centralized,addition,gd,97,256,0.35,42,,,,,,,,,,10000.0,8700.0,100.0,True,False,results/exp2_aggregation/cent_full/history_addition_gd_p97_N256_a0.35_s42.json
exp2_a0.35_K97.log,exp2,,,False,centralized,addition,gd,97,256,0.35,123,,,,,,,,,,9900.0,8500.0,100.0,True,False,results/exp2_aggregation/cent_full/history_addition_gd_p97_N256_a0.35_s123.json
exp2_a0.35_K97.log,exp2,,,False,centralized,addition,gd,97,256,0.35,456,,,,,,,,,,9700.0,8600.0,100.0,True,False,results/exp2_aggregation/cent_full/history_addition_gd_p97_N256_a0.35_s456.json
exp2_a0.35_K97.log,exp2,,,False,centralized,addition,gd,97,256,0.003608247422680412,42,,,,,,,,,,inf,inf,0.6,False,True,results/exp2_aggregation/cent_reduced/history_addition_gd_p97_N256_a0.003608247422680412_s42.json
exp2_a0.35_K97.log,exp2,,,False,centralized,addition,gd,97,256,0.003608247422680412,123,,,,,,,,,,inf,inf,0.5,False,True,results/exp2_aggregation/cent_reduced/history_addition_gd_p97_N256_a0.003608247422680412_s123.json
exp2_a0.35_K97.log,exp2,,,False,centralized,addition,gd,97,256,0.003608247422680412,456,,,,,,,,,,inf,inf,0.6,False,True,results/exp2_aggregation/cent_reduced/history_addition_gd_p97_N256_a0.003608247422680412_s456.json
exp2_a0.35_K97.log,exp2,,,False,federated,addition,gd,97,256,0.35,42,97,5,1.0,iid,,,,,,12875.0,10795.0,100.0,True,False,results/exp2_aggregation/fl_iid/history_fed_addition_gd_p97_N256_a0.35_K97_le5_ft1.0_iid_s42.json
exp2_a0.35_K97.log,exp2,,,False,federated,addition,gd,97,256,0.35,123,97,5,1.0,iid,,,,,,13230.0,10705.0,100.0,True,False,results/exp2_aggregation/fl_iid/history_fed_addition_gd_p97_N256_a0.35_K97_le5_ft1.0_iid_s123.json
exp2_a0.35_K97.log,exp2,,,False,federated,addition,gd,97,256,0.35,456,97,5,1.0,iid,,,,,,12405.0,10580.0,100.0,True,False,results/exp2_aggregation/fl_iid/history_fed_addition_gd_p97_N256_a0.35_K97_le5_ft1.0_iid_s456.json
exp2_a0.3_K10.log,exp2,,,False,centralized,addition,gd,97,256,0.3,42,,,,,,,,,,12600.0,10600.0,100.0,True,False,results/exp2_aggregation/cent_full/history_addition_gd_p97_N256_a0.3_s42.json
exp2_a0.3_K10.log,exp2,,,False,centralized,addition,gd,97,256,0.3,123,,,,,,,,,,12600.0,10600.0,100.0,True,False,results/exp2_aggregation/cent_full/history_addition_gd_p97_N256_a0.3_s123.json
exp2_a0.3_K10.log,exp2,,,False,centralized,addition,gd,97,256,0.3,456,,,,,,,,,,13300.0,11500.0,100.0,True,False,results/exp2_aggregation/cent_full/history_addition_gd_p97_N256_a0.3_s456.json
exp2_a0.3_K10.log,exp2,,,False,centralized,addition,gd,97,256,0.03,42,,,,,,,,,,inf,inf,0.0,False,True,results/exp2_aggregation/cent_reduced/history_addition_gd_p97_N256_a0.03_s42.json
exp2_a0.3_K10.log,exp2,,,False,centralized,addition,gd,97,256,0.03,123,,,,,,,,,,inf,inf,0.0,False,True,results/exp2_aggregation/cent_reduced/history_addition_gd_p97_N256_a0.03_s123.json
exp2_a0.3_K10.log,exp2,,,False,centralized,addition,gd,97,256,0.03,456,,,,,,,,,,inf,inf,0.0,False,True,results/exp2_aggregation/cent_reduced/history_addition_gd_p97_N256_a0.03_s456.json
exp2_a0.3_K10.log,exp2,,,False,federated,addition,gd,97,256,0.3,42,10,5,1.0,iid,,,,,,12805.0,10805.0,100.0,True,False,results/exp2_aggregation/fl_iid/history_fed_addition_gd_p97_N256_a0.3_K10_le5_ft1.0_iid_s42.json
exp2_a0.3_K10.log,exp2,,,False,federated,addition,gd,97,256,0.3,123,10,5,1.0,iid,,,,,,12855.0,10745.0,100.0,True,False,results/exp2_aggregation/fl_iid/history_fed_addition_gd_p97_N256_a0.3_K10_le5_ft1.0_iid_s123.json
exp2_a0.3_K10.log,exp2,,,False,federated,addition,gd,97,256,0.3,456,10,5,1.0,iid,,,,,,13630.0,11725.0,100.0,True,False,results/exp2_aggregation/fl_iid/history_fed_addition_gd_p97_N256_a0.3_K10_le5_ft1.0_iid_s456.json
exp2_a0.3_K20.log,exp2,,,False,centralized,addition,gd,97,256,0.3,42,,,,,,,,,,12600.0,10600.0,100.0,True,False,results/exp2_aggregation/cent_full/history_addition_gd_p97_N256_a0.3_s42.json
exp2_a0.3_K20.log,exp2,,,False,centralized,addition,gd,97,256,0.3,123,,,,,,,,,,12600.0,10600.0,100.0,True,False,results/exp2_aggregation/cent_full/history_addition_gd_p97_N256_a0.3_s123.json
exp2_a0.3_K20.log,exp2,,,False,centralized,addition,gd,97,256,0.3,456,,,,,,,,,,13300.0,11500.0,100.0,True,False,results/exp2_aggregation/cent_full/history_addition_gd_p97_N256_a0.3_s456.json
exp2_a0.3_K20.log,exp2,,,False,centralized,addition,gd,97,256,0.015,42,,,,,,,,,,inf,inf,0.0,False,True,results/exp2_aggregation/cent_reduced/history_addition_gd_p97_N256_a0.015_s42.json
exp2_a0.3_K20.log,exp2,,,False,centralized,addition,gd,97,256,0.015,123,,,,,,,,,,inf,inf,0.1,False,True,results/exp2_aggregation/cent_reduced/history_addition_gd_p97_N256_a0.015_s123.json
exp2_a0.3_K20.log,exp2,,,False,centralized,addition,gd,97,256,0.015,456,,,,,,,,,,inf,inf,0.0,False,True,results/exp2_aggregation/cent_reduced/history_addition_gd_p97_N256_a0.015_s456.json
exp2_a0.3_K20.log,exp2,,,False,federated,addition,gd,97,256,0.3,42,20,5,1.0,iid,,,,,,13150.0,11065.0,100.0,True,False,results/exp2_aggregation/fl_iid/history_fed_addition_gd_p97_N256_a0.3_K20_le5_ft1.0_iid_s42.json
exp2_a0.3_K20.log,exp2,,,False,federated,addition,gd,97,256,0.3,123,20,5,1.0,iid,,,,,,13245.0,11010.0,100.0,True,False,results/exp2_aggregation/fl_iid/history_fed_addition_gd_p97_N256_a0.3_K20_le5_ft1.0_iid_s123.json
exp2_a0.3_K20.log,exp2,,,False,federated,addition,gd,97,256,0.3,456,20,5,1.0,iid,,,,,,14045.0,12035.0,100.0,True,False,results/exp2_aggregation/fl_iid/history_fed_addition_gd_p97_N256_a0.3_K20_le5_ft1.0_iid_s456.json
exp2_a0.3_K50.log,exp2,,,False,centralized,addition,gd,97,256,0.3,42,,,,,,,,,,12600.0,10600.0,100.0,True,False,results/exp2_aggregation/cent_full/history_addition_gd_p97_N256_a0.3_s42.json
exp2_a0.3_K50.log,exp2,,,False,centralized,addition,gd,97,256,0.3,123,,,,,,,,,,12600.0,10600.0,100.0,True,False,results/exp2_aggregation/cent_full/history_addition_gd_p97_N256_a0.3_s123.json
exp2_a0.3_K50.log,exp2,,,False,centralized,addition,gd,97,256,0.3,456,,,,,,,,,,13300.0,11500.0,100.0,True,False,results/exp2_aggregation/cent_full/history_addition_gd_p97_N256_a0.3_s456.json
exp2_a0.3_K50.log,exp2,,,False,centralized,addition,gd,97,256,0.006,42,,,,,,,,,,inf,inf,0.4,False,True,results/exp2_aggregation/cent_reduced/history_addition_gd_p97_N256_a0.006_s42.json
exp2_a0.3_K50.log,exp2,,,False,centralized,addition,gd,97,256,0.006,123,,,,,,,,,,inf,inf,0.3,False,True,results/exp2_aggregation/cent_reduced/history_addition_gd_p97_N256_a0.006_s123.json
exp2_a0.3_K50.log,exp2,,,False,centralized,addition,gd,97,256,0.006,456,,,,,,,,,,inf,inf,0.4,False,True,results/exp2_aggregation/cent_reduced/history_addition_gd_p97_N256_a0.006_s456.json
exp2_a0.3_K50.log,exp2,,,False,federated,addition,gd,97,256,0.3,42,50,5,1.0,iid,,,,,,14540.0,12135.0,100.0,True,False,results/exp2_aggregation/fl_iid/history_fed_addition_gd_p97_N256_a0.3_K50_le5_ft1.0_iid_s42.json
exp2_a0.3_K50.log,exp2,,,False,federated,addition,gd,97,256,0.3,123,50,5,1.0,iid,,,,,,14630.0,12020.0,100.0,True,False,results/exp2_aggregation/fl_iid/history_fed_addition_gd_p97_N256_a0.3_K50_le5_ft1.0_iid_s123.json
exp2_a0.3_K50.log,exp2,,,False,federated,addition,gd,97,256,0.3,456,50,5,1.0,iid,,,,,,15975.0,13330.0,100.0,True,False,results/exp2_aggregation/fl_iid/history_fed_addition_gd_p97_N256_a0.3_K50_le5_ft1.0_iid_s456.json
exp2_a0.3_K97.log,exp2,,,False,centralized,addition,gd,97,256,0.3,42,,,,,,,,,,12600.0,10600.0,100.0,True,False,results/exp2_aggregation/cent_full/history_addition_gd_p97_N256_a0.3_s42.json
exp2_a0.3_K97.log,exp2,,,False,centralized,addition,gd,97,256,0.3,123,,,,,,,,,,12600.0,10600.0,100.0,True,False,results/exp2_aggregation/cent_full/history_addition_gd_p97_N256_a0.3_s123.json
exp2_a0.3_K97.log,exp2,,,False,centralized,addition,gd,97,256,0.3,456,,,,,,,,,,13300.0,11500.0,100.0,True,False,results/exp2_aggregation/cent_full/history_addition_gd_p97_N256_a0.3_s456.json
exp2_a0.3_K97.log,exp2,,,False,centralized,addition,gd,97,256,0.003092783505154639,42,,,,,,,,,,inf,inf,0.7,False,True,results/exp2_aggregation/cent_reduced/history_addition_gd_p97_N256_a0.003092783505154639_s42.json
exp2_a0.3_K97.log,exp2,,,False,centralized,addition,gd,97,256,0.003092783505154639,123,,,,,,,,,,inf,inf,0.6,False,True,results/exp2_aggregation/cent_reduced/history_addition_gd_p97_N256_a0.003092783505154639_s123.json
exp2_a0.3_K97.log,exp2,,,False,centralized,addition,gd,97,256,0.003092783505154639,456,,,,,,,,,,inf,inf,0.6,False,True,results/exp2_aggregation/cent_reduced/history_addition_gd_p97_N256_a0.003092783505154639_s456.json
exp2_a0.3_K97.log,exp2,,,False,federated,addition,gd,97,256,0.3,42,97,5,1.0,iid,,,,,,24610.0,18795.0,100.0,True,False,results/exp2_aggregation/fl_iid/history_fed_addition_gd_p97_N256_a0.3_K97_le5_ft1.0_iid_s42.json
exp2_a0.3_K97.log,exp2,,,False,federated,addition,gd,97,256,0.3,123,97,5,1.0,iid,,,,,,27770.0,20230.0,100.0,True,False,results/exp2_aggregation/fl_iid/history_fed_addition_gd_p97_N256_a0.3_K97_le5_ft1.0_iid_s123.json
exp2_a0.3_K97.log,exp2,,,False,federated,addition,gd,97,256,0.3,456,97,5,1.0,iid,,,,,,29885.0,22485.0,100.0,True,False,results/exp2_aggregation/fl_iid/history_fed_addition_gd_p97_N256_a0.3_K97_le5_ft1.0_iid_s456.json
exp2_a0.50_K10.log,exp2,,,False,centralized,addition,gd,97,256,0.5,42,,,,,,,,,,7600.0,6800.0,100.0,True,False,results/exp2_aggregation/cent_full/history_addition_gd_p97_N256_a0.5_s42.json
exp2_a0.50_K10.log,exp2,,,False,centralized,addition,gd,97,256,0.5,123,,,,,,,,,,7600.0,6800.0,100.0,True,False,results/exp2_aggregation/cent_full/history_addition_gd_p97_N256_a0.5_s123.json
exp2_a0.50_K10.log,exp2,,,False,centralized,addition,gd,97,256,0.5,456,,,,,,,,,,7800.0,7000.0,100.0,True,False,results/exp2_aggregation/cent_full/history_addition_gd_p97_N256_a0.5_s456.json
exp2_a0.50_K10.log,exp2,,,False,centralized,addition,gd,97,256,0.05,42,,,,,,,,,,inf,inf,0.1,False,True,results/exp2_aggregation/cent_reduced/history_addition_gd_p97_N256_a0.05_s42.json
exp2_a0.50_K10.log,exp2,,,False,centralized,addition,gd,97,256,0.05,123,,,,,,,,,,inf,inf,0.1,False,True,results/exp2_aggregation/cent_reduced/history_addition_gd_p97_N256_a0.05_s123.json
exp2_a0.50_K10.log,exp2,,,False,centralized,addition,gd,97,256,0.05,456,,,,,,,,,,inf,inf,0.0,False,True,results/exp2_aggregation/cent_reduced/history_addition_gd_p97_N256_a0.05_s456.json
exp2_a0.50_K2.log,exp2,,,False,centralized,addition,gd,97,256,0.5,42,,,,,,,,,,7600.0,6800.0,100.0,True,False,results/exp2_aggregation/cent_full/history_addition_gd_p97_N256_a0.5_s42.json
exp2_a0.50_K2.log,exp2,,,False,centralized,addition,gd,97,256,0.5,123,,,,,,,,,,7600.0,6800.0,100.0,True,False,results/exp2_aggregation/cent_full/history_addition_gd_p97_N256_a0.5_s123.json
exp2_a0.50_K2.log,exp2,,,False,centralized,addition,gd,97,256,0.5,456,,,,,,,,,,7800.0,7000.0,100.0,True,False,results/exp2_aggregation/cent_full/history_addition_gd_p97_N256_a0.5_s456.json
exp2_a0.50_K2.log,exp2,,,False,centralized,addition,gd,97,256,0.25,42,,,,,,,,,,23200.0,19000.0,100.0,True,False,results/exp2_aggregation/cent_reduced/history_addition_gd_p97_N256_a0.25_s42.json
exp2_a0.50_K2.log,exp2,,,False,centralized,addition,gd,97,256,0.25,123,,,,,,,,,,25300.0,20400.0,100.0,True,False,results/exp2_aggregation/cent_reduced/history_addition_gd_p97_N256_a0.25_s123.json
exp2_a0.50_K2.log,exp2,,,False,centralized,addition,gd,97,256,0.25,456,,,,,,,,,,26900.0,21200.0,100.0,True,False,results/exp2_aggregation/cent_reduced/history_addition_gd_p97_N256_a0.25_s456.json
exp2_a0.50_K2.log,exp2,,,False,federated,addition,gd,97,256,0.5,42,2,5,1.0,iid,,,,,,7560.0,6770.0,100.0,True,False,results/exp2_aggregation/fl_iid/history_fed_addition_gd_p97_N256_a0.5_K2_le5_ft1.0_iid_s42.json
exp2_a0.50_K2.log,exp2,,,False,federated,addition,gd,97,256,0.5,123,2,5,1.0,iid,,,,,,7570.0,6775.0,100.0,True,False,results/exp2_aggregation/fl_iid/history_fed_addition_gd_p97_N256_a0.5_K2_le5_ft1.0_iid_s123.json
exp2_a0.50_K2.log,exp2,,,False,federated,addition,gd,97,256,0.5,456,2,5,1.0,iid,,,,,,7765.0,6950.0,100.0,True,False,results/exp2_aggregation/fl_iid/history_fed_addition_gd_p97_N256_a0.5_K2_le5_ft1.0_iid_s456.json
exp2_a0.50_K20.log,exp2,,,False,centralized,addition,gd,97,256,0.5,42,,,,,,,,,,7600.0,6800.0,100.0,True,False,results/exp2_aggregation/cent_full/history_addition_gd_p97_N256_a0.5_s42.json
exp2_a0.50_K20.log,exp2,,,False,centralized,addition,gd,97,256,0.5,123,,,,,,,,,,7600.0,6800.0,100.0,True,False,results/exp2_aggregation/cent_full/history_addition_gd_p97_N256_a0.5_s123.json
exp2_a0.50_K20.log,exp2,,,False,centralized,addition,gd,97,256,0.5,456,,,,,,,,,,7800.0,7000.0,100.0,True,False,results/exp2_aggregation/cent_full/history_addition_gd_p97_N256_a0.5_s456.json
exp2_a0.50_K20.log,exp2,,,False,centralized,addition,gd,97,256,0.025,42,,,,,,,,,,inf,inf,0.0,False,True,results/exp2_aggregation/cent_reduced/history_addition_gd_p97_N256_a0.025_s42.json
exp2_a0.50_K20.log,exp2,,,False,centralized,addition,gd,97,256,0.025,123,,,,,,,,,,inf,inf,0.0,False,True,results/exp2_aggregation/cent_reduced/history_addition_gd_p97_N256_a0.025_s123.json
exp2_a0.50_K20.log,exp2,,,False,centralized,addition,gd,97,256,0.025,456,,,,,,,,,,inf,inf,0.0,False,True,results/exp2_aggregation/cent_reduced/history_addition_gd_p97_N256_a0.025_s456.json
exp2_a0.50_K5.log,exp2,,,False,centralized,addition,gd,97,256,0.5,42,,,,,,,,,,7600.0,6800.0,100.0,True,False,results/exp2_aggregation/cent_full/history_addition_gd_p97_N256_a0.5_s42.json
exp2_a0.50_K5.log,exp2,,,False,centralized,addition,gd,97,256,0.5,123,,,,,,,,,,7600.0,6800.0,100.0,True,False,results/exp2_aggregation/cent_full/history_addition_gd_p97_N256_a0.5_s123.json
exp2_a0.50_K5.log,exp2,,,False,centralized,addition,gd,97,256,0.5,456,,,,,,,,,,7800.0,7000.0,100.0,True,False,results/exp2_aggregation/cent_full/history_addition_gd_p97_N256_a0.5_s456.json
exp2_a0.50_K5.log,exp2,,,False,centralized,addition,gd,97,256,0.1,42,,,,,,,,,,inf,inf,0.4,False,True,results/exp2_aggregation/cent_reduced/history_addition_gd_p97_N256_a0.1_s42.json
exp2_a0.50_K5.log,exp2,,,False,centralized,addition,gd,97,256,0.1,123,,,,,,,,,,inf,inf,0.4,False,True,results/exp2_aggregation/cent_reduced/history_addition_gd_p97_N256_a0.1_s123.json
exp2_a0.50_K5.log,exp2,,,False,centralized,addition,gd,97,256,0.1,456,,,,,,,,,,inf,inf,0.5,False,True,results/exp2_aggregation/cent_reduced/history_addition_gd_p97_N256_a0.1_s456.json
exp2_a0.50_K5.log,exp2,,,False,federated,addition,gd,97,256,0.5,42,5,5,1.0,iid,,,,,,7565.0,6770.0,100.0,True,False,results/exp2_aggregation/fl_iid/history_fed_addition_gd_p97_N256_a0.5_K5_le5_ft1.0_iid_s42.json
exp2_a0.50_K5.log,exp2,,,False,federated,addition,gd,97,256,0.5,123,5,5,1.0,iid,,,,,,7580.0,6775.0,100.0,True,False,results/exp2_aggregation/fl_iid/history_fed_addition_gd_p97_N256_a0.5_K5_le5_ft1.0_iid_s123.json
exp2_a0.50_K5.log,exp2,,,False,federated,addition,gd,97,256,0.5,456,5,5,1.0,iid,,,,,,7775.0,6950.0,100.0,True,False,results/exp2_aggregation/fl_iid/history_fed_addition_gd_p97_N256_a0.5_K5_le5_ft1.0_iid_s456.json
exp2_a0.50_K50.log,exp2,,,False,centralized,addition,gd,97,256,0.5,42,,,,,,,,,,7600.0,6800.0,100.0,True,False,results/exp2_aggregation/cent_full/history_addition_gd_p97_N256_a0.5_s42.json
exp2_a0.50_K50.log,exp2,,,False,centralized,addition,gd,97,256,0.5,123,,,,,,,,,,7600.0,6800.0,100.0,True,False,results/exp2_aggregation/cent_full/history_addition_gd_p97_N256_a0.5_s123.json
exp2_a0.50_K50.log,exp2,,,False,centralized,addition,gd,97,256,0.5,456,,,,,,,,,,7800.0,7000.0,100.0,True,False,results/exp2_aggregation/cent_full/history_addition_gd_p97_N256_a0.5_s456.json
exp2_a0.50_K50.log,exp2,,,False,centralized,addition,gd,97,256,0.01,42,,,,,,,,,,inf,inf,0.1,False,True,results/exp2_aggregation/cent_reduced/history_addition_gd_p97_N256_a0.01_s42.json
exp2_a0.50_K50.log,exp2,,,False,centralized,addition,gd,97,256,0.01,123,,,,,,,,,,inf,inf,0.2,False,True,results/exp2_aggregation/cent_reduced/history_addition_gd_p97_N256_a0.01_s123.json
exp2_a0.50_K50.log,exp2,,,False,centralized,addition,gd,97,256,0.01,456,,,,,,,,,,inf,inf,0.2,False,True,results/exp2_aggregation/cent_reduced/history_addition_gd_p97_N256_a0.01_s456.json
exp2_a0.50_K97.log,exp2,,,False,centralized,addition,gd,97,256,0.5,42,,,,,,,,,,7600.0,6800.0,100.0,True,False,results/exp2_aggregation/cent_full/history_addition_gd_p97_N256_a0.5_s42.json
exp2_a0.50_K97.log,exp2,,,False,centralized,addition,gd,97,256,0.5,123,,,,,,,,,,7600.0,6800.0,100.0,True,False,results/exp2_aggregation/cent_full/history_addition_gd_p97_N256_a0.5_s123.json
exp2_a0.50_K97.log,exp2,,,False,centralized,addition,gd,97,256,0.5,456,,,,,,,,,,7800.0,7000.0,100.0,True,False,results/exp2_aggregation/cent_full/history_addition_gd_p97_N256_a0.5_s456.json
exp2_a0.50_K97.log,exp2,,,False,centralized,addition,gd,97,256,0.005154639175257732,42,,,,,,,,,,inf,inf,0.4,False,True,results/exp2_aggregation/cent_reduced/history_addition_gd_p97_N256_a0.005154639175257732_s42.json
exp2_a0.50_K97.log,exp2,,,False,centralized,addition,gd,97,256,0.005154639175257732,123,,,,,,,,,,inf,inf,0.5,False,True,results/exp2_aggregation/cent_reduced/history_addition_gd_p97_N256_a0.005154639175257732_s123.json
exp2_a0.50_K97.log,exp2,,,False,centralized,addition,gd,97,256,0.005154639175257732,456,,,,,,,,,,inf,inf,0.5,False,True,results/exp2_aggregation/cent_reduced/history_addition_gd_p97_N256_a0.005154639175257732_s456.json
exp2_a0.5_K10.log,exp2,,,False,centralized,addition,gd,97,256,0.5,42,,,,,,,,,,7600.0,6800.0,100.0,True,False,results/exp2_aggregation/cent_full/history_addition_gd_p97_N256_a0.5_s42.json
exp2_a0.5_K10.log,exp2,,,False,centralized,addition,gd,97,256,0.5,123,,,,,,,,,,7600.0,6800.0,100.0,True,False,results/exp2_aggregation/cent_full/history_addition_gd_p97_N256_a0.5_s123.json
exp2_a0.5_K10.log,exp2,,,False,centralized,addition,gd,97,256,0.5,456,,,,,,,,,,7800.0,7000.0,100.0,True,False,results/exp2_aggregation/cent_full/history_addition_gd_p97_N256_a0.5_s456.json
exp2_a0.5_K10.log,exp2,,,False,centralized,addition,gd,97,256,0.05,42,,,,,,,,,,inf,inf,0.1,False,True,results/exp2_aggregation/cent_reduced/history_addition_gd_p97_N256_a0.05_s42.json
exp2_a0.5_K10.log,exp2,,,False,centralized,addition,gd,97,256,0.05,123,,,,,,,,,,inf,inf,0.1,False,True,results/exp2_aggregation/cent_reduced/history_addition_gd_p97_N256_a0.05_s123.json
exp2_a0.5_K10.log,exp2,,,False,centralized,addition,gd,97,256,0.05,456,,,,,,,,,,inf,inf,0.0,False,True,results/exp2_aggregation/cent_reduced/history_addition_gd_p97_N256_a0.05_s456.json
exp2_a0.5_K10.log,exp2,,,False,federated,addition,gd,97,256,0.5,42,10,5,1.0,iid,,,,,,7570.0,6775.0,100.0,True,False,results/exp2_aggregation/fl_iid/history_fed_addition_gd_p97_N256_a0.5_K10_le5_ft1.0_iid_s42.json
exp2_a0.5_K10.log,exp2,,,False,federated,addition,gd,97,256,0.5,123,10,5,1.0,iid,,,,,,7575.0,6775.0,100.0,True,False,results/exp2_aggregation/fl_iid/history_fed_addition_gd_p97_N256_a0.5_K10_le5_ft1.0_iid_s123.json
exp2_a0.5_K10.log,exp2,,,False,federated,addition,gd,97,256,0.5,456,10,5,1.0,iid,,,,,,7780.0,6955.0,100.0,True,False,results/exp2_aggregation/fl_iid/history_fed_addition_gd_p97_N256_a0.5_K10_le5_ft1.0_iid_s456.json
exp2_a0.5_K20.log,exp2,,,False,centralized,addition,gd,97,256,0.5,42,,,,,,,,,,7600.0,6800.0,100.0,True,False,results/exp2_aggregation/cent_full/history_addition_gd_p97_N256_a0.5_s42.json
exp2_a0.5_K20.log,exp2,,,False,centralized,addition,gd,97,256,0.5,123,,,,,,,,,,7600.0,6800.0,100.0,True,False,results/exp2_aggregation/cent_full/history_addition_gd_p97_N256_a0.5_s123.json
exp2_a0.5_K20.log,exp2,,,False,centralized,addition,gd,97,256,0.5,456,,,,,,,,,,7800.0,7000.0,100.0,True,False,results/exp2_aggregation/cent_full/history_addition_gd_p97_N256_a0.5_s456.json
exp2_a0.5_K20.log,exp2,,,False,centralized,addition,gd,97,256,0.025,42,,,,,,,,,,inf,inf,0.0,False,True,results/exp2_aggregation/cent_reduced/history_addition_gd_p97_N256_a0.025_s42.json
exp2_a0.5_K20.log,exp2,,,False,centralized,addition,gd,97,256,0.025,123,,,,,,,,,,inf,inf,0.0,False,True,results/exp2_aggregation/cent_reduced/history_addition_gd_p97_N256_a0.025_s123.json
exp2_a0.5_K20.log,exp2,,,False,centralized,addition,gd,97,256,0.025,456,,,,,,,,,,inf,inf,0.0,False,True,results/exp2_aggregation/cent_reduced/history_addition_gd_p97_N256_a0.025_s456.json
exp2_a0.5_K20.log,exp2,,,False,federated,addition,gd,97,256,0.5,42,20,5,1.0,iid,,,,,,7585.0,6785.0,100.0,True,False,results/exp2_aggregation/fl_iid/history_fed_addition_gd_p97_N256_a0.5_K20_le5_ft1.0_iid_s42.json
exp2_a0.5_K20.log,exp2,,,False,federated,addition,gd,97,256,0.5,123,20,5,1.0,iid,,,,,,7590.0,6790.0,100.0,True,False,results/exp2_aggregation/fl_iid/history_fed_addition_gd_p97_N256_a0.5_K20_le5_ft1.0_iid_s123.json
exp2_a0.5_K20.log,exp2,,,False,federated,addition,gd,97,256,0.5,456,20,5,1.0,iid,,,,,,7795.0,6970.0,100.0,True,False,results/exp2_aggregation/fl_iid/history_fed_addition_gd_p97_N256_a0.5_K20_le5_ft1.0_iid_s456.json
exp2_a0.5_K50.log,exp2,,,False,centralized,addition,gd,97,256,0.5,42,,,,,,,,,,7600.0,6800.0,100.0,True,False,results/exp2_aggregation/cent_full/history_addition_gd_p97_N256_a0.5_s42.json
exp2_a0.5_K50.log,exp2,,,False,centralized,addition,gd,97,256,0.5,123,,,,,,,,,,7600.0,6800.0,100.0,True,False,results/exp2_aggregation/cent_full/history_addition_gd_p97_N256_a0.5_s123.json
exp2_a0.5_K50.log,exp2,,,False,centralized,addition,gd,97,256,0.5,456,,,,,,,,,,7800.0,7000.0,100.0,True,False,results/exp2_aggregation/cent_full/history_addition_gd_p97_N256_a0.5_s456.json
exp2_a0.5_K50.log,exp2,,,False,centralized,addition,gd,97,256,0.01,42,,,,,,,,,,inf,inf,0.1,False,True,results/exp2_aggregation/cent_reduced/history_addition_gd_p97_N256_a0.01_s42.json
exp2_a0.5_K50.log,exp2,,,False,centralized,addition,gd,97,256,0.01,123,,,,,,,,,,inf,inf,0.2,False,True,results/exp2_aggregation/cent_reduced/history_addition_gd_p97_N256_a0.01_s123.json
exp2_a0.5_K50.log,exp2,,,False,centralized,addition,gd,97,256,0.01,456,,,,,,,,,,inf,inf,0.2,False,True,results/exp2_aggregation/cent_reduced/history_addition_gd_p97_N256_a0.01_s456.json
exp2_a0.5_K50.log,exp2,,,False,federated,addition,gd,97,256,0.5,42,50,5,1.0,iid,,,,,,7660.0,6830.0,100.0,True,False,results/exp2_aggregation/fl_iid/history_fed_addition_gd_p97_N256_a0.5_K50_le5_ft1.0_iid_s42.json
exp2_a0.5_K50.log,exp2,,,False,federated,addition,gd,97,256,0.5,123,50,5,1.0,iid,,,,,,7665.0,6840.0,100.0,True,False,results/exp2_aggregation/fl_iid/history_fed_addition_gd_p97_N256_a0.5_K50_le5_ft1.0_iid_s123.json
exp2_a0.5_K50.log,exp2,,,False,federated,addition,gd,97,256,0.5,456,50,5,1.0,iid,,,,,,7885.0,7030.0,100.0,True,False,results/exp2_aggregation/fl_iid/history_fed_addition_gd_p97_N256_a0.5_K50_le5_ft1.0_iid_s456.json
exp2_a0.5_K97.log,exp2,,,False,centralized,addition,gd,97,256,0.5,42,,,,,,,,,,7600.0,6800.0,100.0,True,False,results/exp2_aggregation/cent_full/history_addition_gd_p97_N256_a0.5_s42.json
exp2_a0.5_K97.log,exp2,,,False,centralized,addition,gd,97,256,0.5,123,,,,,,,,,,7600.0,6800.0,100.0,True,False,results/exp2_aggregation/cent_full/history_addition_gd_p97_N256_a0.5_s123.json
exp2_a0.5_K97.log,exp2,,,False,centralized,addition,gd,97,256,0.5,456,,,,,,,,,,7800.0,7000.0,100.0,True,False,results/exp2_aggregation/cent_full/history_addition_gd_p97_N256_a0.5_s456.json
exp2_a0.5_K97.log,exp2,,,False,centralized,addition,gd,97,256,0.005154639175257732,42,,,,,,,,,,inf,inf,0.4,False,True,results/exp2_aggregation/cent_reduced/history_addition_gd_p97_N256_a0.005154639175257732_s42.json
exp2_a0.5_K97.log,exp2,,,False,centralized,addition,gd,97,256,0.005154639175257732,123,,,,,,,,,,inf,inf,0.5,False,True,results/exp2_aggregation/cent_reduced/history_addition_gd_p97_N256_a0.005154639175257732_s123.json
exp2_a0.5_K97.log,exp2,,,False,centralized,addition,gd,97,256,0.005154639175257732,456,,,,,,,,,,inf,inf,0.5,False,True,results/exp2_aggregation/cent_reduced/history_addition_gd_p97_N256_a0.005154639175257732_s456.json
exp2_a0.5_K97.log,exp2,,,False,federated,addition,gd,97,256,0.5,42,97,5,1.0,iid,,,,,,7845.0,6975.0,100.0,True,False,results/exp2_aggregation/fl_iid/history_fed_addition_gd_p97_N256_a0.5_K97_le5_ft1.0_iid_s42.json
exp2_a0.5_K97.log,exp2,,,False,federated,addition,gd,97,256,0.5,123,97,5,1.0,iid,,,,,,7870.0,6975.0,100.0,True,False,results/exp2_aggregation/fl_iid/history_fed_addition_gd_p97_N256_a0.5_K97_le5_ft1.0_iid_s123.json
exp2_a0.5_K97.log,exp2,,,False,federated,addition,gd,97,256,0.5,456,97,5,1.0,iid,,,,,,8120.0,7190.0,100.0,True,False,results/exp2_aggregation/fl_iid/history_fed_addition_gd_p97_N256_a0.5_K97_le5_ft1.0_iid_s456.json
exp3a_a0.25_dir0.01.log,exp3a,,,False,federated,addition,gd,97,256,0.25,42,10,5,1.0,dirichlet,0.01,,,,,35370.0,25350.0,100.0,True,False,results/exp3_heterogeneity/exp3a/history_fed_addition_gd_p97_N256_a0.25_K10_le5_ft1.0_dirichlet_dir0.01_s42.json
exp3a_a0.25_dir0.01.log,exp3a,,,False,federated,addition,gd,97,256,0.25,123,10,5,1.0,dirichlet,0.01,,,,,35940.0,26730.0,100.0,True,False,results/exp3_heterogeneity/exp3a/history_fed_addition_gd_p97_N256_a0.25_K10_le5_ft1.0_dirichlet_dir0.01_s123.json
exp3a_a0.25_dir0.01.log,exp3a,,,False,federated,addition,gd,97,256,0.25,456,10,5,1.0,dirichlet,0.01,,,,,38605.0,29000.0,100.0,True,False,results/exp3_heterogeneity/exp3a/history_fed_addition_gd_p97_N256_a0.25_K10_le5_ft1.0_dirichlet_dir0.01_s456.json
exp3a_a0.25_dir0.1.log,exp3a,,,False,federated,addition,gd,97,256,0.25,42,10,5,1.0,dirichlet,0.1,,,,,25610.0,20485.0,100.0,True,False,results/exp3_heterogeneity/exp3a/history_fed_addition_gd_p97_N256_a0.25_K10_le5_ft1.0_dirichlet_dir0.1_s42.json
exp3a_a0.25_dir0.1.log,exp3a,,,False,federated,addition,gd,97,256,0.25,123,10,5,1.0,dirichlet,0.1,,,,,31465.0,25080.0,100.0,True,False,results/exp3_heterogeneity/exp3a/history_fed_addition_gd_p97_N256_a0.25_K10_le5_ft1.0_dirichlet_dir0.1_s123.json
exp3a_a0.25_dir0.1.log,exp3a,,,False,federated,addition,gd,97,256,0.25,456,10,5,1.0,dirichlet,0.1,,,,,31415.0,24560.0,100.0,True,False,results/exp3_heterogeneity/exp3a/history_fed_addition_gd_p97_N256_a0.25_K10_le5_ft1.0_dirichlet_dir0.1_s456.json
exp3a_a0.25_dir0.5.log,exp3a,,,False,federated,addition,gd,97,256,0.25,42,10,5,1.0,dirichlet,0.5,,,,,24880.0,20275.0,100.0,True,False,results/exp3_heterogeneity/exp3a/history_fed_addition_gd_p97_N256_a0.25_K10_le5_ft1.0_dirichlet_dir0.5_s42.json
exp3a_a0.25_dir0.5.log,exp3a,,,False,federated,addition,gd,97,256,0.25,123,10,5,1.0,dirichlet,0.5,,,,,27090.0,21630.0,100.0,True,False,results/exp3_heterogeneity/exp3a/history_fed_addition_gd_p97_N256_a0.25_K10_le5_ft1.0_dirichlet_dir0.5_s123.json
exp3a_a0.25_dir0.5.log,exp3a,,,False,federated,addition,gd,97,256,0.25,456,10,5,1.0,dirichlet,0.5,,,,,29875.0,23195.0,100.0,True,False,results/exp3_heterogeneity/exp3a/history_fed_addition_gd_p97_N256_a0.25_K10_le5_ft1.0_dirichlet_dir0.5_s456.json
exp3a_a0.25_dir1.0.log,exp3a,,,False,federated,addition,gd,97,256,0.25,42,10,5,1.0,dirichlet,1.0,,,,,24680.0,20490.0,100.0,True,False,results/exp3_heterogeneity/exp3a/history_fed_addition_gd_p97_N256_a0.25_K10_le5_ft1.0_dirichlet_dir1.0_s42.json
exp3a_a0.25_dir1.0.log,exp3a,,,False,federated,addition,gd,97,256,0.25,123,10,5,1.0,dirichlet,1.0,,,,,26995.0,21545.0,100.0,True,False,results/exp3_heterogeneity/exp3a/history_fed_addition_gd_p97_N256_a0.25_K10_le5_ft1.0_dirichlet_dir1.0_s123.json
exp3a_a0.25_dir1.0.log,exp3a,,,False,federated,addition,gd,97,256,0.25,456,10,5,1.0,dirichlet,1.0,,,,,29055.0,22760.0,100.0,True,False,results/exp3_heterogeneity/exp3a/history_fed_addition_gd_p97_N256_a0.25_K10_le5_ft1.0_dirichlet_dir1.0_s456.json
exp3a_a0.25_dir10.0.log,exp3a,,,False,federated,addition,gd,97,256,0.25,42,10,5,1.0,dirichlet,10.0,,,,,24990.0,20345.0,100.0,True,False,results/exp3_heterogeneity/exp3a/history_fed_addition_gd_p97_N256_a0.25_K10_le5_ft1.0_dirichlet_dir10.0_s42.json
exp3a_a0.25_dir10.0.log,exp3a,,,False,federated,addition,gd,97,256,0.25,123,10,5,1.0,dirichlet,10.0,,,,,26470.0,21330.0,100.0,True,False,results/exp3_heterogeneity/exp3a/history_fed_addition_gd_p97_N256_a0.25_K10_le5_ft1.0_dirichlet_dir10.0_s123.json
exp3a_a0.25_dir10.0.log,exp3a,,,False,federated,addition,gd,97,256,0.25,456,10,5,1.0,dirichlet,10.0,,,,,28840.0,22690.0,100.0,True,False,results/exp3_heterogeneity/exp3a/history_fed_addition_gd_p97_N256_a0.25_K10_le5_ft1.0_dirichlet_dir10.0_s456.json
exp3a_a0.25_dir1000.0.log,exp3a,,,False,federated,addition,gd,97,256,0.25,42,10,5,1.0,dirichlet,1000.0,,,,,24675.0,20265.0,100.0,True,False,results/exp3_heterogeneity/exp3a/history_fed_addition_gd_p97_N256_a0.25_K10_le5_ft1.0_dirichlet_dir1000.0_s42.json
exp3a_a0.25_dir1000.0.log,exp3a,,,False,federated,addition,gd,97,256,0.25,123,10,5,1.0,dirichlet,1000.0,,,,,26730.0,21555.0,100.0,True,False,results/exp3_heterogeneity/exp3a/history_fed_addition_gd_p97_N256_a0.25_K10_le5_ft1.0_dirichlet_dir1000.0_s123.json
exp3a_a0.25_dir1000.0.log,exp3a,,,False,federated,addition,gd,97,256,0.25,456,10,5,1.0,dirichlet,1000.0,,,,,28770.0,22435.0,100.0,True,False,results/exp3_heterogeneity/exp3a/history_fed_addition_gd_p97_N256_a0.25_K10_le5_ft1.0_dirichlet_dir1000.0_s456.json
exp3a_a0.30_dir0.01.log,exp3a,,,False,federated,addition,gd,97,256,0.3,42,10,5,1.0,dirichlet,0.01,,,,,14030.0,11635.0,100.0,True,False,results/exp3_heterogeneity/exp3a/history_fed_addition_gd_p97_N256_a0.3_K10_le5_ft1.0_dirichlet_dir0.01_s42.json
exp3a_a0.30_dir0.01.log,exp3a,,,False,federated,addition,gd,97,256,0.3,123,10,5,1.0,dirichlet,0.01,,,,,13910.0,11495.0,100.0,True,False,results/exp3_heterogeneity/exp3a/history_fed_addition_gd_p97_N256_a0.3_K10_le5_ft1.0_dirichlet_dir0.01_s123.json
exp3a_a0.30_dir0.01.log,exp3a,,,False,federated,addition,gd,97,256,0.3,456,10,5,1.0,dirichlet,0.01,,,,,15405.0,12665.0,100.0,True,False,results/exp3_heterogeneity/exp3a/history_fed_addition_gd_p97_N256_a0.3_K10_le5_ft1.0_dirichlet_dir0.01_s456.json
exp3a_a0.30_dir0.1.log,exp3a,,,False,federated,addition,gd,97,256,0.3,42,10,5,1.0,dirichlet,0.1,,,,,13395.0,11210.0,100.0,True,False,results/exp3_heterogeneity/exp3a/history_fed_addition_gd_p97_N256_a0.3_K10_le5_ft1.0_dirichlet_dir0.1_s42.json
exp3a_a0.30_dir0.1.log,exp3a,,,False,federated,addition,gd,97,256,0.3,123,10,5,1.0,dirichlet,0.1,,,,,13300.0,11140.0,100.0,True,False,results/exp3_heterogeneity/exp3a/history_fed_addition_gd_p97_N256_a0.3_K10_le5_ft1.0_dirichlet_dir0.1_s123.json
exp3a_a0.30_dir0.1.log,exp3a,,,False,federated,addition,gd,97,256,0.3,456,10,5,1.0,dirichlet,0.1,,,,,14375.0,12245.0,100.0,True,False,results/exp3_heterogeneity/exp3a/history_fed_addition_gd_p97_N256_a0.3_K10_le5_ft1.0_dirichlet_dir0.1_s456.json
exp3a_a0.30_dir0.5.log,exp3a,,,False,federated,addition,gd,97,256,0.3,42,10,5,1.0,dirichlet,0.5,,,,,12905.0,10880.0,100.0,True,False,results/exp3_heterogeneity/exp3a/history_fed_addition_gd_p97_N256_a0.3_K10_le5_ft1.0_dirichlet_dir0.5_s42.json
exp3a_a0.30_dir0.5.log,exp3a,,,False,federated,addition,gd,97,256,0.3,123,10,5,1.0,dirichlet,0.5,,,,,12970.0,10815.0,100.0,True,False,results/exp3_heterogeneity/exp3a/history_fed_addition_gd_p97_N256_a0.3_K10_le5_ft1.0_dirichlet_dir0.5_s123.json
exp3a_a0.30_dir0.5.log,exp3a,,,False,federated,addition,gd,97,256,0.3,456,10,5,1.0,dirichlet,0.5,,,,,13790.0,11810.0,100.0,True,False,results/exp3_heterogeneity/exp3a/history_fed_addition_gd_p97_N256_a0.3_K10_le5_ft1.0_dirichlet_dir0.5_s456.json
exp3a_a0.30_dir1.0.log,exp3a,,,False,federated,addition,gd,97,256,0.3,42,10,5,1.0,dirichlet,1.0,,,,,12855.0,10835.0,100.0,True,False,results/exp3_heterogeneity/exp3a/history_fed_addition_gd_p97_N256_a0.3_K10_le5_ft1.0_dirichlet_dir1.0_s42.json
exp3a_a0.30_dir1000.0.log,exp3a,,,False,federated,addition,gd,97,256,0.3,42,10,5,1.0,dirichlet,1000.0,,,,,12790.0,10785.0,100.0,True,False,results/exp3_heterogeneity/exp3a/history_fed_addition_gd_p97_N256_a0.3_K10_le5_ft1.0_dirichlet_dir1000.0_s42.json
exp3a_a0.30_dir1000.0.log,exp3a,,,False,federated,addition,gd,97,256,0.3,123,10,5,1.0,dirichlet,1000.0,,,,,12835.0,10740.0,100.0,True,False,results/exp3_heterogeneity/exp3a/history_fed_addition_gd_p97_N256_a0.3_K10_le5_ft1.0_dirichlet_dir1000.0_s123.json
exp3a_a0.30_dir1000.0.log,exp3a,,,False,federated,addition,gd,97,256,0.3,456,10,5,1.0,dirichlet,1000.0,,,,,13590.0,11685.0,100.0,True,False,results/exp3_heterogeneity/exp3a/history_fed_addition_gd_p97_N256_a0.3_K10_le5_ft1.0_dirichlet_dir1000.0_s456.json
exp3a_a0.35_dir0.01.log,exp3a,,,False,federated,addition,gd,97,256,0.35,42,10,5,1.0,dirichlet,0.01,,,,,10960.0,9340.0,100.0,True,False,results/exp3_heterogeneity/exp3a/history_fed_addition_gd_p97_N256_a0.35_K10_le5_ft1.0_dirichlet_dir0.01_s42.json
exp3a_a0.35_dir0.01.log,exp3a,,,False,federated,addition,gd,97,256,0.35,123,10,5,1.0,dirichlet,0.01,,,,,10655.0,9015.0,100.0,True,False,results/exp3_heterogeneity/exp3a/history_fed_addition_gd_p97_N256_a0.35_K10_le5_ft1.0_dirichlet_dir0.01_s123.json
exp3a_a0.35_dir0.01.log,exp3a,,,False,federated,addition,gd,97,256,0.35,456,10,5,1.0,dirichlet,0.01,,,,,10210.0,8940.0,100.0,True,False,results/exp3_heterogeneity/exp3a/history_fed_addition_gd_p97_N256_a0.35_K10_le5_ft1.0_dirichlet_dir0.01_s456.json
exp3a_a0.35_dir0.1.log,exp3a,,,False,federated,addition,gd,97,256,0.35,42,10,5,1.0,dirichlet,0.1,,,,,10410.0,8990.0,100.0,True,False,results/exp3_heterogeneity/exp3a/history_fed_addition_gd_p97_N256_a0.35_K10_le5_ft1.0_dirichlet_dir0.1_s42.json
exp3a_a0.35_dir0.1.log,exp3a,,,False,federated,addition,gd,97,256,0.35,123,10,5,1.0,dirichlet,0.1,,,,,10155.0,8725.0,100.0,True,False,results/exp3_heterogeneity/exp3a/history_fed_addition_gd_p97_N256_a0.35_K10_le5_ft1.0_dirichlet_dir0.1_s123.json
exp3a_a0.35_dir0.1.log,exp3a,,,False,federated,addition,gd,97,256,0.35,456,10,5,1.0,dirichlet,0.1,,,,,9935.0,8745.0,100.0,True,False,results/exp3_heterogeneity/exp3a/history_fed_addition_gd_p97_N256_a0.35_K10_le5_ft1.0_dirichlet_dir0.1_s456.json
exp3a_a0.35_dir0.5.log,exp3a,,,False,federated,addition,gd,97,256,0.35,42,10,5,1.0,dirichlet,0.5,,,,,10160.0,8825.0,100.0,True,False,results/exp3_heterogeneity/exp3a/history_fed_addition_gd_p97_N256_a0.35_K10_le5_ft1.0_dirichlet_dir0.5_s42.json
exp3a_a0.35_dir0.5.log,exp3a,,,False,federated,addition,gd,97,256,0.35,123,10,5,1.0,dirichlet,0.5,,,,,10055.0,8600.0,100.0,True,False,results/exp3_heterogeneity/exp3a/history_fed_addition_gd_p97_N256_a0.35_K10_le5_ft1.0_dirichlet_dir0.5_s123.json
exp3a_a0.35_dir0.5.log,exp3a,,,False,federated,addition,gd,97,256,0.35,456,10,5,1.0,dirichlet,0.5,,,,,9765.0,8630.0,100.0,True,False,results/exp3_heterogeneity/exp3a/history_fed_addition_gd_p97_N256_a0.35_K10_le5_ft1.0_dirichlet_dir0.5_s456.json
exp3a_a0.35_dir1.0.log,exp3a,,,False,federated,addition,gd,97,256,0.35,42,10,5,1.0,dirichlet,1.0,,,,,10135.0,8815.0,100.0,True,False,results/exp3_heterogeneity/exp3a/history_fed_addition_gd_p97_N256_a0.35_K10_le5_ft1.0_dirichlet_dir1.0_s42.json
exp3a_a0.35_dir1.0.log,exp3a,,,False,federated,addition,gd,97,256,0.35,123,10,5,1.0,dirichlet,1.0,,,,,10000.0,8555.0,100.0,True,False,results/exp3_heterogeneity/exp3a/history_fed_addition_gd_p97_N256_a0.35_K10_le5_ft1.0_dirichlet_dir1.0_s123.json
exp3a_a0.35_dir1.0.log,exp3a,,,False,federated,addition,gd,97,256,0.35,456,10,5,1.0,dirichlet,1.0,,,,,9755.0,8620.0,100.0,True,False,results/exp3_heterogeneity/exp3a/history_fed_addition_gd_p97_N256_a0.35_K10_le5_ft1.0_dirichlet_dir1.0_s456.json
exp3a_a0.35_dir10.0.log,exp3a,,,False,federated,addition,gd,97,256,0.35,42,10,5,1.0,dirichlet,10.0,,,,,10120.0,8775.0,100.0,True,False,results/exp3_heterogeneity/exp3a/history_fed_addition_gd_p97_N256_a0.35_K10_le5_ft1.0_dirichlet_dir10.0_s42.json
exp3a_a0.35_dir10.0.log,exp3a,,,False,federated,addition,gd,97,256,0.35,123,10,5,1.0,dirichlet,10.0,,,,,9985.0,8560.0,100.0,True,False,results/exp3_heterogeneity/exp3a/history_fed_addition_gd_p97_N256_a0.35_K10_le5_ft1.0_dirichlet_dir10.0_s123.json
exp3a_a0.35_dir10.0.log,exp3a,,,False,federated,addition,gd,97,256,0.35,456,10,5,1.0,dirichlet,10.0,,,,,9720.0,8600.0,100.0,True,False,results/exp3_heterogeneity/exp3a/history_fed_addition_gd_p97_N256_a0.35_K10_le5_ft1.0_dirichlet_dir10.0_s456.json
exp3a_a0.35_dir1000.0.log,exp3a,,,False,federated,addition,gd,97,256,0.35,42,10,5,1.0,dirichlet,1000.0,,,,,10100.0,8770.0,100.0,True,False,results/exp3_heterogeneity/exp3a/history_fed_addition_gd_p97_N256_a0.35_K10_le5_ft1.0_dirichlet_dir1000.0_s42.json
exp3a_a0.35_dir1000.0.log,exp3a,,,False,federated,addition,gd,97,256,0.35,123,10,5,1.0,dirichlet,1000.0,,,,,9980.0,8560.0,100.0,True,False,results/exp3_heterogeneity/exp3a/history_fed_addition_gd_p97_N256_a0.35_K10_le5_ft1.0_dirichlet_dir1000.0_s123.json
exp3a_a0.35_dir1000.0.log,exp3a,,,False,federated,addition,gd,97,256,0.35,456,10,5,1.0,dirichlet,1000.0,,,,,9720.0,8605.0,100.0,True,False,results/exp3_heterogeneity/exp3a/history_fed_addition_gd_p97_N256_a0.35_K10_le5_ft1.0_dirichlet_dir1000.0_s456.json
exp3a_a0.3_dir1.0.log,exp3a,,,False,federated,addition,gd,97,256,0.3,42,10,5,1.0,dirichlet,1.0,,,,,12855.0,10835.0,100.0,True,False,results/exp3_heterogeneity/exp3a/history_fed_addition_gd_p97_N256_a0.3_K10_le5_ft1.0_dirichlet_dir1.0_s42.json
exp3a_a0.3_dir1.0.log,exp3a,,,False,federated,addition,gd,97,256,0.3,123,10,5,1.0,dirichlet,1.0,,,,,12935.0,10785.0,100.0,True,False,results/exp3_heterogeneity/exp3a/history_fed_addition_gd_p97_N256_a0.3_K10_le5_ft1.0_dirichlet_dir1.0_s123.json
exp3a_a0.3_dir1.0.log,exp3a,,,False,federated,addition,gd,97,256,0.3,456,10,5,1.0,dirichlet,1.0,,,,,13780.0,11845.0,100.0,True,False,results/exp3_heterogeneity/exp3a/history_fed_addition_gd_p97_N256_a0.3_K10_le5_ft1.0_dirichlet_dir1.0_s456.json
exp3a_a0.3_dir10.0.log,exp3a,,,False,federated,addition,gd,97,256,0.3,42,10,5,1.0,dirichlet,10.0,,,,,12805.0,10795.0,100.0,True,False,results/exp3_heterogeneity/exp3a/history_fed_addition_gd_p97_N256_a0.3_K10_le5_ft1.0_dirichlet_dir10.0_s42.json
exp3a_a0.3_dir10.0.log,exp3a,,,False,federated,addition,gd,97,256,0.3,123,10,5,1.0,dirichlet,10.0,,,,,12865.0,10740.0,100.0,True,False,results/exp3_heterogeneity/exp3a/history_fed_addition_gd_p97_N256_a0.3_K10_le5_ft1.0_dirichlet_dir10.0_s123.json
exp3a_a0.3_dir10.0.log,exp3a,,,False,federated,addition,gd,97,256,0.3,456,10,5,1.0,dirichlet,10.0,,,,,13590.0,11670.0,100.0,True,False,results/exp3_heterogeneity/exp3a/history_fed_addition_gd_p97_N256_a0.3_K10_le5_ft1.0_dirichlet_dir10.0_s456.json
exp3a_a0.5_dir0.01.log,exp3a,,,False,federated,addition,gd,97,256,0.5,42,10,5,1.0,dirichlet,0.01,,,,,7680.0,6820.0,100.0,True,False,results/exp3_heterogeneity/exp3a/history_fed_addition_gd_p97_N256_a0.5_K10_le5_ft1.0_dirichlet_dir0.01_s42.json
exp3a_a0.5_dir0.01.log,exp3a,,,False,federated,addition,gd,97,256,0.5,123,10,5,1.0,dirichlet,0.01,,,,,7675.0,6785.0,100.0,True,False,results/exp3_heterogeneity/exp3a/history_fed_addition_gd_p97_N256_a0.5_K10_le5_ft1.0_dirichlet_dir0.01_s123.json
exp3a_a0.5_dir0.01.log,exp3a,,,False,federated,addition,gd,97,256,0.5,456,10,5,1.0,dirichlet,0.01,,,,,7860.0,6985.0,100.0,True,False,results/exp3_heterogeneity/exp3a/history_fed_addition_gd_p97_N256_a0.5_K10_le5_ft1.0_dirichlet_dir0.01_s456.json
exp3a_a0.5_dir0.1.log,exp3a,,,False,federated,addition,gd,97,256,0.5,42,10,5,1.0,dirichlet,0.1,,,,,7620.0,6805.0,100.0,True,False,results/exp3_heterogeneity/exp3a/history_fed_addition_gd_p97_N256_a0.5_K10_le5_ft1.0_dirichlet_dir0.1_s42.json
exp3a_a0.5_dir0.1.log,exp3a,,,False,federated,addition,gd,97,256,0.5,123,10,5,1.0,dirichlet,0.1,,,,,7595.0,6775.0,100.0,True,False,results/exp3_heterogeneity/exp3a/history_fed_addition_gd_p97_N256_a0.5_K10_le5_ft1.0_dirichlet_dir0.1_s123.json
exp3a_a0.5_dir0.1.log,exp3a,,,False,federated,addition,gd,97,256,0.5,456,10,5,1.0,dirichlet,0.1,,,,,7825.0,6965.0,100.0,True,False,results/exp3_heterogeneity/exp3a/history_fed_addition_gd_p97_N256_a0.5_K10_le5_ft1.0_dirichlet_dir0.1_s456.json
exp3a_a0.5_dir0.5.log,exp3a,,,False,federated,addition,gd,97,256,0.5,42,10,5,1.0,dirichlet,0.5,,,,,7570.0,6775.0,100.0,True,False,results/exp3_heterogeneity/exp3a/history_fed_addition_gd_p97_N256_a0.5_K10_le5_ft1.0_dirichlet_dir0.5_s42.json
exp3a_a0.5_dir0.5.log,exp3a,,,False,federated,addition,gd,97,256,0.5,123,10,5,1.0,dirichlet,0.5,,,,,7570.0,6775.0,100.0,True,False,results/exp3_heterogeneity/exp3a/history_fed_addition_gd_p97_N256_a0.5_K10_le5_ft1.0_dirichlet_dir0.5_s123.json
exp3a_a0.5_dir0.5.log,exp3a,,,False,federated,addition,gd,97,256,0.5,456,10,5,1.0,dirichlet,0.5,,,,,7775.0,6955.0,100.0,True,False,results/exp3_heterogeneity/exp3a/history_fed_addition_gd_p97_N256_a0.5_K10_le5_ft1.0_dirichlet_dir0.5_s456.json
exp3a_a0.5_dir1.0.log,exp3a,,,False,federated,addition,gd,97,256,0.5,42,10,5,1.0,dirichlet,1.0,,,,,7565.0,6775.0,100.0,True,False,results/exp3_heterogeneity/exp3a/history_fed_addition_gd_p97_N256_a0.5_K10_le5_ft1.0_dirichlet_dir1.0_s42.json
exp3a_a0.5_dir1.0.log,exp3a,,,False,federated,addition,gd,97,256,0.5,123,10,5,1.0,dirichlet,1.0,,,,,7580.0,6780.0,100.0,True,False,results/exp3_heterogeneity/exp3a/history_fed_addition_gd_p97_N256_a0.5_K10_le5_ft1.0_dirichlet_dir1.0_s123.json
exp3a_a0.5_dir1.0.log,exp3a,,,False,federated,addition,gd,97,256,0.5,456,10,5,1.0,dirichlet,1.0,,,,,7780.0,6955.0,100.0,True,False,results/exp3_heterogeneity/exp3a/history_fed_addition_gd_p97_N256_a0.5_K10_le5_ft1.0_dirichlet_dir1.0_s456.json
exp3a_a0.5_dir10.0.log,exp3a,,,False,federated,addition,gd,97,256,0.5,42,10,5,1.0,dirichlet,10.0,,,,,7575.0,6775.0,100.0,True,False,results/exp3_heterogeneity/exp3a/history_fed_addition_gd_p97_N256_a0.5_K10_le5_ft1.0_dirichlet_dir10.0_s42.json
exp3a_a0.5_dir10.0.log,exp3a,,,False,federated,addition,gd,97,256,0.5,123,10,5,1.0,dirichlet,10.0,,,,,7585.0,6780.0,100.0,True,False,results/exp3_heterogeneity/exp3a/history_fed_addition_gd_p97_N256_a0.5_K10_le5_ft1.0_dirichlet_dir10.0_s123.json
exp3a_a0.5_dir10.0.log,exp3a,,,False,federated,addition,gd,97,256,0.5,456,10,5,1.0,dirichlet,10.0,,,,,7775.0,6955.0,100.0,True,False,results/exp3_heterogeneity/exp3a/history_fed_addition_gd_p97_N256_a0.5_K10_le5_ft1.0_dirichlet_dir10.0_s456.json
exp3a_a0.5_dir1000.0.log,exp3a,,,False,federated,addition,gd,97,256,0.5,42,10,5,1.0,dirichlet,1000.0,,,,,7565.0,6775.0,100.0,True,False,results/exp3_heterogeneity/exp3a/history_fed_addition_gd_p97_N256_a0.5_K10_le5_ft1.0_dirichlet_dir1000.0_s42.json
exp3a_a0.5_dir1000.0.log,exp3a,,,False,federated,addition,gd,97,256,0.5,123,10,5,1.0,dirichlet,1000.0,,,,,7580.0,6785.0,100.0,True,False,results/exp3_heterogeneity/exp3a/history_fed_addition_gd_p97_N256_a0.5_K10_le5_ft1.0_dirichlet_dir1000.0_s123.json
exp3a_a0.5_dir1000.0.log,exp3a,,,False,federated,addition,gd,97,256,0.5,456,10,5,1.0,dirichlet,1000.0,,,,,7780.0,6960.0,100.0,True,False,results/exp3_heterogeneity/exp3a/history_fed_addition_gd_p97_N256_a0.5_K10_le5_ft1.0_dirichlet_dir1000.0_s456.json
exp3a_kval_a0.25_dir0.1.log,exp3a,,,False,federated,addition,gd,97,256,0.25,42,20,5,1.0,dirichlet,0.1,,,,,30915.0,23880.0,100.0,True,False,results/exp3_heterogeneity/exp3a/history_fed_addition_gd_p97_N256_a0.25_K20_le5_ft1.0_dirichlet_dir0.1_s42.json
exp3a_kval_a0.25_dir0.1.log,exp3a,,,False,federated,addition,gd,97,256,0.25,123,20,5,1.0,dirichlet,0.1,,,,,34245.0,26870.0,100.0,True,False,results/exp3_heterogeneity/exp3a/history_fed_addition_gd_p97_N256_a0.25_K20_le5_ft1.0_dirichlet_dir0.1_s123.json
exp3a_kval_a0.25_dir0.1.log,exp3a,,,False,federated,addition,gd,97,256,0.25,456,20,5,1.0,dirichlet,0.1,,,,,39770.0,30840.0,100.0,True,False,results/exp3_heterogeneity/exp3a/history_fed_addition_gd_p97_N256_a0.25_K20_le5_ft1.0_dirichlet_dir0.1_s456.json
exp3a_kval_a0.25_dir1.0.log,exp3a,,,False,federated,addition,gd,97,256,0.25,42,20,5,1.0,dirichlet,1.0,,,,,28005.0,22725.0,100.0,True,False,results/exp3_heterogeneity/exp3a/history_fed_addition_gd_p97_N256_a0.25_K20_le5_ft1.0_dirichlet_dir1.0_s42.json
exp3a_kval_a0.25_dir1.0.log,exp3a,,,False,federated,addition,gd,97,256,0.25,123,20,5,1.0,dirichlet,1.0,,,,,29880.0,23505.0,100.0,True,False,results/exp3_heterogeneity/exp3a/history_fed_addition_gd_p97_N256_a0.25_K20_le5_ft1.0_dirichlet_dir1.0_s123.json
exp3a_kval_a0.25_dir1.0.log,exp3a,,,False,federated,addition,gd,97,256,0.25,456,20,5,1.0,dirichlet,1.0,,,,,32220.0,24550.0,100.0,True,False,results/exp3_heterogeneity/exp3a/history_fed_addition_gd_p97_N256_a0.25_K20_le5_ft1.0_dirichlet_dir1.0_s456.json
exp3a_kval_a0.25_dir1000.0.log,exp3a,,,False,federated,addition,gd,97,256,0.25,42,20,5,1.0,dirichlet,1000.0,,,,,26470.0,21710.0,100.0,True,False,results/exp3_heterogeneity/exp3a/history_fed_addition_gd_p97_N256_a0.25_K20_le5_ft1.0_dirichlet_dir1000.0_s42.json
exp3a_kval_a0.25_dir1000.0.log,exp3a,,,False,federated,addition,gd,97,256,0.25,123,20,5,1.0,dirichlet,1000.0,,,,,28770.0,23005.0,100.0,True,False,results/exp3_heterogeneity/exp3a/history_fed_addition_gd_p97_N256_a0.25_K20_le5_ft1.0_dirichlet_dir1000.0_s123.json
exp3a_kval_a0.25_dir1000.0.log,exp3a,,,False,federated,addition,gd,97,256,0.25,456,20,5,1.0,dirichlet,1000.0,,,,,31655.0,24265.0,100.0,True,False,results/exp3_heterogeneity/exp3a/history_fed_addition_gd_p97_N256_a0.25_K20_le5_ft1.0_dirichlet_dir1000.0_s456.json
exp3a_kval_a0.3_dir0.1.log,exp3a,,,False,federated,addition,gd,97,256,0.3,42,20,5,1.0,dirichlet,0.1,,,,,13975.0,11750.0,100.0,True,False,results/exp3_heterogeneity/exp3a/history_fed_addition_gd_p97_N256_a0.3_K20_le5_ft1.0_dirichlet_dir0.1_s42.json
exp3a_kval_a0.3_dir0.1.log,exp3a,,,False,federated,addition,gd,97,256,0.3,123,20,5,1.0,dirichlet,0.1,,,,,13845.0,11615.0,100.0,True,False,results/exp3_heterogeneity/exp3a/history_fed_addition_gd_p97_N256_a0.3_K20_le5_ft1.0_dirichlet_dir0.1_s123.json
exp3a_kval_a0.3_dir0.1.log,exp3a,,,False,federated,addition,gd,97,256,0.3,456,20,5,1.0,dirichlet,0.1,,,,,14940.0,12675.0,100.0,True,False,results/exp3_heterogeneity/exp3a/history_fed_addition_gd_p97_N256_a0.3_K20_le5_ft1.0_dirichlet_dir0.1_s456.json
exp3a_kval_a0.3_dir1.0.log,exp3a,,,False,federated,addition,gd,97,256,0.3,42,20,5,1.0,dirichlet,1.0,,,,,13190.0,11120.0,100.0,True,False,results/exp3_heterogeneity/exp3a/history_fed_addition_gd_p97_N256_a0.3_K20_le5_ft1.0_dirichlet_dir1.0_s42.json
exp3a_kval_a0.3_dir1.0.log,exp3a,,,False,federated,addition,gd,97,256,0.3,123,20,5,1.0,dirichlet,1.0,,,,,13305.0,11100.0,100.0,True,False,results/exp3_heterogeneity/exp3a/history_fed_addition_gd_p97_N256_a0.3_K20_le5_ft1.0_dirichlet_dir1.0_s123.json
exp3a_kval_a0.3_dir1.0.log,exp3a,,,False,federated,addition,gd,97,256,0.3,456,20,5,1.0,dirichlet,1.0,,,,,14145.0,12040.0,100.0,True,False,results/exp3_heterogeneity/exp3a/history_fed_addition_gd_p97_N256_a0.3_K20_le5_ft1.0_dirichlet_dir1.0_s456.json
exp3a_kval_a0.3_dir1000.0.log,exp3a,,,False,federated,addition,gd,97,256,0.3,42,20,5,1.0,dirichlet,1000.0,,,,,13095.0,11030.0,100.0,True,False,results/exp3_heterogeneity/exp3a/history_fed_addition_gd_p97_N256_a0.3_K20_le5_ft1.0_dirichlet_dir1000.0_s42.json
exp3a_kval_a0.3_dir1000.0.log,exp3a,,,False,federated,addition,gd,97,256,0.3,123,20,5,1.0,dirichlet,1000.0,,,,,13225.0,11005.0,100.0,True,False,results/exp3_heterogeneity/exp3a/history_fed_addition_gd_p97_N256_a0.3_K20_le5_ft1.0_dirichlet_dir1000.0_s123.json
exp3a_kval_a0.3_dir1000.0.log,exp3a,,,False,federated,addition,gd,97,256,0.3,456,20,5,1.0,dirichlet,1000.0,,,,,13960.0,11995.0,100.0,True,False,results/exp3_heterogeneity/exp3a/history_fed_addition_gd_p97_N256_a0.3_K20_le5_ft1.0_dirichlet_dir1000.0_s456.json
exp3a_kval_a0.5_dir0.1.log,exp3a,,,False,federated,addition,gd,97,256,0.5,42,20,5,1.0,dirichlet,0.1,,,,,7720.0,6865.0,100.0,True,False,results/exp3_heterogeneity/exp3a/history_fed_addition_gd_p97_N256_a0.5_K20_le5_ft1.0_dirichlet_dir0.1_s42.json
exp3a_kval_a0.5_dir0.1.log,exp3a,,,False,federated,addition,gd,97,256,0.5,123,20,5,1.0,dirichlet,0.1,,,,,7650.0,6815.0,100.0,True,False,results/exp3_heterogeneity/exp3a/history_fed_addition_gd_p97_N256_a0.5_K20_le5_ft1.0_dirichlet_dir0.1_s123.json
exp3a_kval_a0.5_dir0.1.log,exp3a,,,False,federated,addition,gd,97,256,0.5,456,20,5,1.0,dirichlet,0.1,,,,,7905.0,7005.0,100.0,True,False,results/exp3_heterogeneity/exp3a/history_fed_addition_gd_p97_N256_a0.5_K20_le5_ft1.0_dirichlet_dir0.1_s456.json
exp3a_kval_a0.5_dir1.0.log,exp3a,,,False,federated,addition,gd,97,256,0.5,42,20,5,1.0,dirichlet,1.0,,,,,7595.0,6785.0,100.0,True,False,results/exp3_heterogeneity/exp3a/history_fed_addition_gd_p97_N256_a0.5_K20_le5_ft1.0_dirichlet_dir1.0_s42.json
exp3a_kval_a0.5_dir1.0.log,exp3a,,,False,federated,addition,gd,97,256,0.5,123,20,5,1.0,dirichlet,1.0,,,,,7600.0,6790.0,100.0,True,False,results/exp3_heterogeneity/exp3a/history_fed_addition_gd_p97_N256_a0.5_K20_le5_ft1.0_dirichlet_dir1.0_s123.json
exp3a_kval_a0.5_dir1.0.log,exp3a,,,False,federated,addition,gd,97,256,0.5,456,20,5,1.0,dirichlet,1.0,,,,,7810.0,6970.0,100.0,True,False,results/exp3_heterogeneity/exp3a/history_fed_addition_gd_p97_N256_a0.5_K20_le5_ft1.0_dirichlet_dir1.0_s456.json
exp3a_kval_a0.5_dir1000.0.log,exp3a,,,False,federated,addition,gd,97,256,0.5,42,20,5,1.0,dirichlet,1000.0,,,,,7585.0,6790.0,100.0,True,False,results/exp3_heterogeneity/exp3a/history_fed_addition_gd_p97_N256_a0.5_K20_le5_ft1.0_dirichlet_dir1000.0_s42.json
exp3a_kval_a0.5_dir1000.0.log,exp3a,,,False,federated,addition,gd,97,256,0.5,123,20,5,1.0,dirichlet,1000.0,,,,,7590.0,6795.0,100.0,True,False,results/exp3_heterogeneity/exp3a/history_fed_addition_gd_p97_N256_a0.5_K20_le5_ft1.0_dirichlet_dir1000.0_s123.json
exp3a_kval_a0.5_dir1000.0.log,exp3a,,,False,federated,addition,gd,97,256,0.5,456,20,5,1.0,dirichlet,1000.0,,,,,7795.0,6970.0,100.0,True,False,results/exp3_heterogeneity/exp3a/history_fed_addition_gd_p97_N256_a0.5_K20_le5_ft1.0_dirichlet_dir1000.0_s456.json
exp3b_a0.25_operand.log,exp3b,,,False,federated,addition,gd,97,256,0.25,42,10,5,1.0,operand,,,,,,23920.0,19440.0,100.0,True,False,results/exp3_heterogeneity/exp3b/history_fed_addition_gd_p97_N256_a0.25_K10_le5_ft1.0_operand_s42.json
exp3b_a0.25_operand.log,exp3b,,,False,federated,addition,gd,97,256,0.25,123,10,5,1.0,operand,,,,,,25735.0,20710.0,100.0,True,False,results/exp3_heterogeneity/exp3b/history_fed_addition_gd_p97_N256_a0.25_K10_le5_ft1.0_operand_s123.json
exp3b_a0.25_operand.log,exp3b,,,False,federated,addition,gd,97,256,0.25,456,10,5,1.0,operand,,,,,,27700.0,21665.0,100.0,True,False,results/exp3_heterogeneity/exp3b/history_fed_addition_gd_p97_N256_a0.25_K10_le5_ft1.0_operand_s456.json
exp3b_a0.25_target.log,exp3b,,,False,federated,addition,gd,97,256,0.25,42,10,5,1.0,target,,,,,,28415.0,22390.0,100.0,True,False,results/exp3_heterogeneity/exp3b/history_fed_addition_gd_p97_N256_a0.25_K10_le5_ft1.0_target_s42.json
exp3b_a0.25_target.log,exp3b,,,False,federated,addition,gd,97,256,0.25,123,10,5,1.0,target,,,,,,32115.0,25080.0,100.0,True,False,results/exp3_heterogeneity/exp3b/history_fed_addition_gd_p97_N256_a0.25_K10_le5_ft1.0_target_s123.json
exp3b_a0.25_target.log,exp3b,,,False,federated,addition,gd,97,256,0.25,456,10,5,1.0,target,,,,,,28820.0,23360.0,100.0,True,False,results/exp3_heterogeneity/exp3b/history_fed_addition_gd_p97_N256_a0.25_K10_le5_ft1.0_target_s456.json
exp3b_a0.2_operand.log,exp3b,,,False,federated,addition,gd,97,256,0.2,42,10,5,1.0,operand,,,,,,inf,inf,1.3,False,True,results/exp3_heterogeneity/exp3b/history_fed_addition_gd_p97_N256_a0.2_K10_le5_ft1.0_operand_s42.json
exp3b_a0.2_operand.log,exp3b,,,False,federated,addition,gd,97,256,0.2,123,10,5,1.0,operand,,,,,,inf,inf,2.0,False,True,results/exp3_heterogeneity/exp3b/history_fed_addition_gd_p97_N256_a0.2_K10_le5_ft1.0_operand_s123.json
exp3b_a0.2_operand.log,exp3b,,,False,federated,addition,gd,97,256,0.2,456,10,5,1.0,operand,,,,,,inf,inf,1.3,False,True,results/exp3_heterogeneity/exp3b/history_fed_addition_gd_p97_N256_a0.2_K10_le5_ft1.0_operand_s456.json
exp3b_a0.2_target.log,exp3b,,,False,federated,addition,gd,97,256,0.2,42,10,5,1.0,target,,,,,,inf,inf,1.0,False,True,results/exp3_heterogeneity/exp3b/history_fed_addition_gd_p97_N256_a0.2_K10_le5_ft1.0_target_s42.json
exp3b_a0.2_target.log,exp3b,,,False,federated,addition,gd,97,256,0.2,123,10,5,1.0,target,,,,,,inf,inf,1.3,False,True,results/exp3_heterogeneity/exp3b/history_fed_addition_gd_p97_N256_a0.2_K10_le5_ft1.0_target_s123.json
exp3b_a0.2_target.log,exp3b,,,False,federated,addition,gd,97,256,0.2,456,10,5,1.0,target,,,,,,inf,inf,1.3,False,True,results/exp3_heterogeneity/exp3b/history_fed_addition_gd_p97_N256_a0.2_K10_le5_ft1.0_target_s456.json
exp3b_a0.35_operand.log,exp3b,,,False,federated,addition,gd,97,256,0.35,42,10,5,1.0,operand,,,,,,9980.0,8670.0,100.0,True,False,results/exp3_heterogeneity/exp3b/history_fed_addition_gd_p97_N256_a0.35_K10_le5_ft1.0_operand_s42.json
exp3b_a0.35_operand.log,exp3b,,,False,federated,addition,gd,97,256,0.35,123,10,5,1.0,operand,,,,,,9875.0,8465.0,100.0,True,False,results/exp3_heterogeneity/exp3b/history_fed_addition_gd_p97_N256_a0.35_K10_le5_ft1.0_operand_s123.json
exp3b_a0.35_operand.log,exp3b,,,False,federated,addition,gd,97,256,0.35,456,10,5,1.0,operand,,,,,,9605.0,8500.0,100.0,True,False,results/exp3_heterogeneity/exp3b/history_fed_addition_gd_p97_N256_a0.35_K10_le5_ft1.0_operand_s456.json
exp3b_a0.35_target.log,exp3b,,,False,federated,addition,gd,97,256,0.35,42,10,5,1.0,target,,,,,,10310.0,8955.0,100.0,True,False,results/exp3_heterogeneity/exp3b/history_fed_addition_gd_p97_N256_a0.35_K10_le5_ft1.0_target_s42.json
exp3b_a0.35_target.log,exp3b,,,False,federated,addition,gd,97,256,0.35,123,10,5,1.0,target,,,,,,10100.0,8660.0,100.0,True,False,results/exp3_heterogeneity/exp3b/history_fed_addition_gd_p97_N256_a0.35_K10_le5_ft1.0_target_s123.json
exp3b_a0.35_target.log,exp3b,,,False,federated,addition,gd,97,256,0.35,456,10,5,1.0,target,,,,,,9870.0,8610.0,100.0,True,False,results/exp3_heterogeneity/exp3b/history_fed_addition_gd_p97_N256_a0.35_K10_le5_ft1.0_target_s456.json
exp3b_a0.3_operand.log,exp3b,,,False,federated,addition,gd,97,256,0.3,42,10,5,1.0,operand,,,,,,12565.0,10630.0,100.0,True,False,results/exp3_heterogeneity/exp3b/history_fed_addition_gd_p97_N256_a0.3_K10_le5_ft1.0_operand_s42.json
exp3b_a0.3_operand.log,exp3b,,,False,federated,addition,gd,97,256,0.3,123,10,5,1.0,operand,,,,,,12635.0,10565.0,100.0,True,False,results/exp3_heterogeneity/exp3b/history_fed_addition_gd_p97_N256_a0.3_K10_le5_ft1.0_operand_s123.json
exp3b_a0.3_operand.log,exp3b,,,False,federated,addition,gd,97,256,0.3,456,10,5,1.0,operand,,,,,,13355.0,11490.0,100.0,True,False,results/exp3_heterogeneity/exp3b/history_fed_addition_gd_p97_N256_a0.3_K10_le5_ft1.0_operand_s456.json
exp3b_a0.3_target.log,exp3b,,,False,federated,addition,gd,97,256,0.3,42,10,5,1.0,target,,,,,,13665.0,11525.0,100.0,True,False,results/exp3_heterogeneity/exp3b/history_fed_addition_gd_p97_N256_a0.3_K10_le5_ft1.0_target_s42.json
exp3b_a0.3_target.log,exp3b,,,False,federated,addition,gd,97,256,0.3,123,10,5,1.0,target,,,,,,13390.0,11270.0,100.0,True,False,results/exp3_heterogeneity/exp3b/history_fed_addition_gd_p97_N256_a0.3_K10_le5_ft1.0_target_s123.json
exp3b_a0.3_target.log,exp3b,,,False,federated,addition,gd,97,256,0.3,456,10,5,1.0,target,,,,,,14035.0,11750.0,100.0,True,False,results/exp3_heterogeneity/exp3b/history_fed_addition_gd_p97_N256_a0.3_K10_le5_ft1.0_target_s456.json
exp3b_a0.5_operand.log,exp3b,,,False,federated,addition,gd,97,256,0.5,42,10,5,1.0,operand,,,,,,7525.0,6735.0,100.0,True,False,results/exp3_heterogeneity/exp3b/history_fed_addition_gd_p97_N256_a0.5_K10_le5_ft1.0_operand_s42.json
exp3b_a0.5_operand.log,exp3b,,,False,federated,addition,gd,97,256,0.5,123,10,5,1.0,operand,,,,,,7535.0,6740.0,100.0,True,False,results/exp3_heterogeneity/exp3b/history_fed_addition_gd_p97_N256_a0.5_K10_le5_ft1.0_operand_s123.json
exp3b_a0.5_operand.log,exp3b,,,False,federated,addition,gd,97,256,0.5,456,10,5,1.0,operand,,,,,,7730.0,6915.0,100.0,True,False,results/exp3_heterogeneity/exp3b/history_fed_addition_gd_p97_N256_a0.5_K10_le5_ft1.0_operand_s456.json
exp3b_a0.5_target.log,exp3b,,,False,federated,addition,gd,97,256,0.5,42,10,5,1.0,target,,,,,,7575.0,6755.0,100.0,True,False,results/exp3_heterogeneity/exp3b/history_fed_addition_gd_p97_N256_a0.5_K10_le5_ft1.0_target_s42.json
exp3b_a0.5_target.log,exp3b,,,False,federated,addition,gd,97,256,0.5,123,10,5,1.0,target,,,,,,7540.0,6710.0,100.0,True,False,results/exp3_heterogeneity/exp3b/history_fed_addition_gd_p97_N256_a0.5_K10_le5_ft1.0_target_s123.json
exp3b_a0.5_target.log,exp3b,,,False,federated,addition,gd,97,256,0.5,456,10,5,1.0,target,,,,,,7720.0,6915.0,100.0,True,False,results/exp3_heterogeneity/exp3b/history_fed_addition_gd_p97_N256_a0.5_K10_le5_ft1.0_target_s456.json
exp4a_a0.25_E10_iid.log,exp4a,,,False,federated,addition,gd,97,256,0.25,42,10,10,1.0,iid,,,,,,27030.0,21830.0,100.0,True,False,results/exp4_optimization/exp4a/history_fed_addition_gd_p97_N256_a0.25_K10_le10_ft1.0_iid_s42.json
exp4a_a0.25_E10_iid.log,exp4a,,,False,federated,addition,gd,97,256,0.25,123,10,10,1.0,iid,,,,,,29560.0,23310.0,100.0,True,False,results/exp4_optimization/exp4a/history_fed_addition_gd_p97_N256_a0.25_K10_le10_ft1.0_iid_s123.json
exp4a_a0.25_E10_iid.log,exp4a,,,False,federated,addition,gd,97,256,0.25,456,10,10,1.0,iid,,,,,,31580.0,24510.0,100.0,True,False,results/exp4_optimization/exp4a/history_fed_addition_gd_p97_N256_a0.25_K10_le10_ft1.0_iid_s456.json
exp4a_a0.25_E10_noniid.log,exp4a,,,False,federated,addition,gd,97,256,0.25,42,10,10,1.0,dirichlet,0.1,,,,,29220.0,22510.0,100.0,True,False,results/exp4_optimization/exp4a/history_fed_addition_gd_p97_N256_a0.25_K10_le10_ft1.0_dirichlet_dir0.1_s42.json
exp4a_a0.25_E10_noniid.log,exp4a,,,False,federated,addition,gd,97,256,0.25,123,10,10,1.0,dirichlet,0.1,,,,,39040.0,30720.0,100.0,True,False,results/exp4_optimization/exp4a/history_fed_addition_gd_p97_N256_a0.25_K10_le10_ft1.0_dirichlet_dir0.1_s123.json
exp4a_a0.25_E10_noniid.log,exp4a,,,False,federated,addition,gd,97,256,0.25,456,10,10,1.0,dirichlet,0.1,,,,,39150.0,28940.0,100.0,True,False,results/exp4_optimization/exp4a/history_fed_addition_gd_p97_N256_a0.25_K10_le10_ft1.0_dirichlet_dir0.1_s456.json
exp4a_a0.25_E25_iid.log,exp4a,,,False,federated,addition,gd,97,256,0.25,42,10,25,1.0,iid,,,,,,39050.0,28175.0,100.0,True,False,results/exp4_optimization/exp4a/history_fed_addition_gd_p97_N256_a0.25_K10_le25_ft1.0_iid_s42.json
exp4a_a0.25_E25_iid.log,exp4a,,,False,federated,addition,gd,97,256,0.25,123,10,25,1.0,iid,,,,,,45425.0,32250.0,99.5,True,False,results/exp4_optimization/exp4a/history_fed_addition_gd_p97_N256_a0.25_K10_le25_ft1.0_iid_s123.json
exp4a_a0.25_E25_iid.log,exp4a,,,False,federated,addition,gd,97,256,0.25,456,10,25,1.0,iid,,,,,,inf,35500.0,94.8,False,True,results/exp4_optimization/exp4a/history_fed_addition_gd_p97_N256_a0.25_K10_le25_ft1.0_iid_s456.json
exp4a_a0.25_E25_noniid.log,exp4a,,,False,federated,addition,gd,97,256,0.25,42,10,25,1.0,dirichlet,0.1,,,,,47200.0,34125.0,97.7,True,False,results/exp4_optimization/exp4a/history_fed_addition_gd_p97_N256_a0.25_K10_le25_ft1.0_dirichlet_dir0.1_s42.json
exp4a_a0.25_E25_noniid.log,exp4a,,,False,federated,addition,gd,97,256,0.25,123,10,25,1.0,dirichlet,0.1,,,,,inf,inf,35.0,False,True,results/exp4_optimization/exp4a/history_fed_addition_gd_p97_N256_a0.25_K10_le25_ft1.0_dirichlet_dir0.1_s123.json
exp4a_a0.25_E25_noniid.log,exp4a,,,False,federated,addition,gd,97,256,0.25,456,10,25,1.0,dirichlet,0.1,,,,,inf,44925.0,69.0,False,True,results/exp4_optimization/exp4a/history_fed_addition_gd_p97_N256_a0.25_K10_le25_ft1.0_dirichlet_dir0.1_s456.json
exp4a_a0.25_E50_iid.log,exp4a,,,False,federated,addition,gd,97,256,0.25,42,10,50,1.0,iid,,,,,,inf,inf,28.1,False,True,results/exp4_optimization/exp4a/history_fed_addition_gd_p97_N256_a0.25_K10_le50_ft1.0_iid_s42.json
exp4a_a0.25_E50_iid.log,exp4a,,,False,federated,addition,gd,97,256,0.25,123,10,50,1.0,iid,,,,,,inf,inf,6.8,False,True,results/exp4_optimization/exp4a/history_fed_addition_gd_p97_N256_a0.25_K10_le50_ft1.0_iid_s123.json
exp4a_a0.25_E50_iid.log,exp4a,,,False,federated,addition,gd,97,256,0.25,456,10,50,1.0,iid,,,,,,inf,inf,4.2,False,True,results/exp4_optimization/exp4a/history_fed_addition_gd_p97_N256_a0.25_K10_le50_ft1.0_iid_s456.json
exp4a_a0.25_E50_noniid.log,exp4a,,,False,federated,addition,gd,97,256,0.25,42,10,50,1.0,dirichlet,0.1,,,,,inf,inf,14.7,False,True,results/exp4_optimization/exp4a/history_fed_addition_gd_p97_N256_a0.25_K10_le50_ft1.0_dirichlet_dir0.1_s42.json
exp4a_a0.25_E50_noniid.log,exp4a,,,False,federated,addition,gd,97,256,0.25,123,10,50,1.0,dirichlet,0.1,,,,,inf,inf,2.1,False,True,results/exp4_optimization/exp4a/history_fed_addition_gd_p97_N256_a0.25_K10_le50_ft1.0_dirichlet_dir0.1_s123.json
exp4a_a0.25_E50_noniid.log,exp4a,,,False,federated,addition,gd,97,256,0.25,456,10,50,1.0,dirichlet,0.1,,,,,inf,inf,4.0,False,True,results/exp4_optimization/exp4a/history_fed_addition_gd_p97_N256_a0.25_K10_le50_ft1.0_dirichlet_dir0.1_s456.json
exp4a_a0.25_E5_iid.log,exp4a,,,False,federated,addition,gd,97,256,0.25,42,10,5,1.0,iid,,,,,,24450.0,20145.0,100.0,True,False,results/exp4_optimization/exp4a/history_fed_addition_gd_p97_N256_a0.25_K10_le5_ft1.0_iid_s42.json
exp4a_a0.25_E5_iid.log,exp4a,,,False,federated,addition,gd,97,256,0.25,123,10,5,1.0,iid,,,,,,26780.0,21580.0,100.0,True,False,results/exp4_optimization/exp4a/history_fed_addition_gd_p97_N256_a0.25_K10_le5_ft1.0_iid_s123.json
exp4a_a0.25_E5_iid.log,exp4a,,,False,federated,addition,gd,97,256,0.25,456,10,5,1.0,iid,,,,,,28790.0,22525.0,100.0,True,False,results/exp4_optimization/exp4a/history_fed_addition_gd_p97_N256_a0.25_K10_le5_ft1.0_iid_s456.json
exp4a_a0.25_E5_noniid.log,exp4a,,,False,federated,addition,gd,97,256,0.25,42,10,5,1.0,dirichlet,0.1,,,,,25610.0,20485.0,100.0,True,False,results/exp4_optimization/exp4a/history_fed_addition_gd_p97_N256_a0.25_K10_le5_ft1.0_dirichlet_dir0.1_s42.json
exp4a_a0.25_E5_noniid.log,exp4a,,,False,federated,addition,gd,97,256,0.25,123,10,5,1.0,dirichlet,0.1,,,,,31465.0,25080.0,100.0,True,False,results/exp4_optimization/exp4a/history_fed_addition_gd_p97_N256_a0.25_K10_le5_ft1.0_dirichlet_dir0.1_s123.json
exp4a_a0.25_E5_noniid.log,exp4a,,,False,federated,addition,gd,97,256,0.25,456,10,5,1.0,dirichlet,0.1,,,,,31415.0,24560.0,100.0,True,False,results/exp4_optimization/exp4a/history_fed_addition_gd_p97_N256_a0.25_K10_le5_ft1.0_dirichlet_dir0.1_s456.json
exp4a_a0.3_E10_iid.log,exp4a,,,False,federated,addition,gd,97,256,0.3,42,10,10,1.0,iid,,,,,,13200.0,11100.0,100.0,True,False,results/exp4_optimization/exp4a/history_fed_addition_gd_p97_N256_a0.3_K10_le10_ft1.0_iid_s42.json
exp4a_a0.3_E10_iid.log,exp4a,,,False,federated,addition,gd,97,256,0.3,123,10,10,1.0,iid,,,,,,13270.0,11020.0,100.0,True,False,results/exp4_optimization/exp4a/history_fed_addition_gd_p97_N256_a0.3_K10_le10_ft1.0_iid_s123.json
exp4a_a0.3_E10_iid.log,exp4a,,,False,federated,addition,gd,97,256,0.3,456,10,10,1.0,iid,,,,,,14100.0,12100.0,100.0,True,False,results/exp4_optimization/exp4a/history_fed_addition_gd_p97_N256_a0.3_K10_le10_ft1.0_iid_s456.json
exp4a_a0.3_E10_noniid.log,exp4a,,,False,federated,addition,gd,97,256,0.3,42,10,10,1.0,dirichlet,0.1,,,,,14300.0,11830.0,100.0,True,False,results/exp4_optimization/exp4a/history_fed_addition_gd_p97_N256_a0.3_K10_le10_ft1.0_dirichlet_dir0.1_s42.json
exp4a_a0.3_E10_noniid.log,exp4a,,,False,federated,addition,gd,97,256,0.3,123,10,10,1.0,dirichlet,0.1,,,,,14070.0,11680.0,100.0,True,False,results/exp4_optimization/exp4a/history_fed_addition_gd_p97_N256_a0.3_K10_le10_ft1.0_dirichlet_dir0.1_s123.json
exp4a_a0.3_E10_noniid.log,exp4a,,,False,federated,addition,gd,97,256,0.3,456,10,10,1.0,dirichlet,0.1,,,,,15410.0,13060.0,100.0,True,False,results/exp4_optimization/exp4a/history_fed_addition_gd_p97_N256_a0.3_K10_le10_ft1.0_dirichlet_dir0.1_s456.json
exp4a_a0.3_E25_iid.log,exp4a,,,False,federated,addition,gd,97,256,0.3,42,10,25,1.0,iid,,,,,,14625.0,12200.0,100.0,True,False,results/exp4_optimization/exp4a/history_fed_addition_gd_p97_N256_a0.3_K10_le25_ft1.0_iid_s42.json
exp4a_a0.3_E25_iid.log,exp4a,,,False,federated,addition,gd,97,256,0.3,123,10,25,1.0,iid,,,,,,14725.0,12075.0,100.0,True,False,results/exp4_optimization/exp4a/history_fed_addition_gd_p97_N256_a0.3_K10_le25_ft1.0_iid_s123.json
exp4a_a0.3_E25_iid.log,exp4a,,,False,federated,addition,gd,97,256,0.3,456,10,25,1.0,iid,,,,,,15925.0,13425.0,100.0,True,False,results/exp4_optimization/exp4a/history_fed_addition_gd_p97_N256_a0.3_K10_le25_ft1.0_iid_s456.json
exp4a_a0.3_E25_noniid.log,exp4a,,,False,federated,addition,gd,97,256,0.3,42,10,25,1.0,dirichlet,0.1,,,,,17950.0,13850.0,100.0,True,False,results/exp4_optimization/exp4a/history_fed_addition_gd_p97_N256_a0.3_K10_le25_ft1.0_dirichlet_dir0.1_s42.json
exp4a_a0.3_E25_noniid.log,exp4a,,,False,federated,addition,gd,97,256,0.3,123,10,25,1.0,dirichlet,0.1,,,,,18725.0,13875.0,100.0,True,False,results/exp4_optimization/exp4a/history_fed_addition_gd_p97_N256_a0.3_K10_le25_ft1.0_dirichlet_dir0.1_s123.json
exp4a_a0.3_E25_noniid.log,exp4a,,,False,federated,addition,gd,97,256,0.3,456,10,25,1.0,dirichlet,0.1,,,,,20200.0,16025.0,100.0,True,False,results/exp4_optimization/exp4a/history_fed_addition_gd_p97_N256_a0.3_K10_le25_ft1.0_dirichlet_dir0.1_s456.json
exp4a_a0.3_E50_iid.log,exp4a,,,False,federated,addition,gd,97,256,0.3,42,10,50,1.0,iid,,,,,,21550.0,16800.0,100.0,True,False,results/exp4_optimization/exp4a/history_fed_addition_gd_p97_N256_a0.3_K10_le50_ft1.0_iid_s42.json
exp4a_a0.3_E50_iid.log,exp4a,,,False,federated,addition,gd,97,256,0.3,123,10,50,1.0,iid,,,,,,23000.0,17150.0,100.0,True,False,results/exp4_optimization/exp4a/history_fed_addition_gd_p97_N256_a0.3_K10_le50_ft1.0_iid_s123.json
exp4a_a0.3_E50_iid.log,exp4a,,,False,federated,addition,gd,97,256,0.3,456,10,50,1.0,iid,,,,,,24850.0,19650.0,100.0,True,False,results/exp4_optimization/exp4a/history_fed_addition_gd_p97_N256_a0.3_K10_le50_ft1.0_iid_s456.json
exp4a_a0.3_E50_noniid.log,exp4a,,,False,federated,addition,gd,97,256,0.3,42,10,50,1.0,dirichlet,0.1,,,,,28700.0,21750.0,100.0,True,False,results/exp4_optimization/exp4a/history_fed_addition_gd_p97_N256_a0.3_K10_le50_ft1.0_dirichlet_dir0.1_s42.json
exp4a_a0.3_E50_noniid.log,exp4a,,,False,federated,addition,gd,97,256,0.3,123,10,50,1.0,dirichlet,0.1,,,,,32750.0,22500.0,100.0,True,False,results/exp4_optimization/exp4a/history_fed_addition_gd_p97_N256_a0.3_K10_le50_ft1.0_dirichlet_dir0.1_s123.json
exp4a_a0.3_E50_noniid.log,exp4a,,,False,federated,addition,gd,97,256,0.3,456,10,50,1.0,dirichlet,0.1,,,,,34100.0,24500.0,100.0,True,False,results/exp4_optimization/exp4a/history_fed_addition_gd_p97_N256_a0.3_K10_le50_ft1.0_dirichlet_dir0.1_s456.json
exp4a_a0.3_E5_iid.log,exp4a,,,False,federated,addition,gd,97,256,0.3,42,10,5,1.0,iid,,,,,,12805.0,10805.0,100.0,True,False,results/exp4_optimization/exp4a/history_fed_addition_gd_p97_N256_a0.3_K10_le5_ft1.0_iid_s42.json
exp4a_a0.3_E5_iid.log,exp4a,,,False,federated,addition,gd,97,256,0.3,123,10,5,1.0,iid,,,,,,12855.0,10745.0,100.0,True,False,results/exp4_optimization/exp4a/history_fed_addition_gd_p97_N256_a0.3_K10_le5_ft1.0_iid_s123.json
exp4a_a0.3_E5_iid.log,exp4a,,,False,federated,addition,gd,97,256,0.3,456,10,5,1.0,iid,,,,,,13630.0,11725.0,100.0,True,False,results/exp4_optimization/exp4a/history_fed_addition_gd_p97_N256_a0.3_K10_le5_ft1.0_iid_s456.json
exp4a_a0.3_E5_noniid.log,exp4a,,,False,federated,addition,gd,97,256,0.3,42,10,5,1.0,dirichlet,0.1,,,,,13395.0,11210.0,100.0,True,False,results/exp4_optimization/exp4a/history_fed_addition_gd_p97_N256_a0.3_K10_le5_ft1.0_dirichlet_dir0.1_s42.json
exp4a_a0.3_E5_noniid.log,exp4a,,,False,federated,addition,gd,97,256,0.3,123,10,5,1.0,dirichlet,0.1,,,,,13300.0,11140.0,100.0,True,False,results/exp4_optimization/exp4a/history_fed_addition_gd_p97_N256_a0.3_K10_le5_ft1.0_dirichlet_dir0.1_s123.json
exp4a_a0.3_E5_noniid.log,exp4a,,,False,federated,addition,gd,97,256,0.3,456,10,5,1.0,dirichlet,0.1,,,,,14375.0,12245.0,100.0,True,False,results/exp4_optimization/exp4a/history_fed_addition_gd_p97_N256_a0.3_K10_le5_ft1.0_dirichlet_dir0.1_s456.json
exp4a_a0.5_E10_iid.log,exp4a,,,False,federated,addition,gd,97,256,0.5,42,10,10,1.0,iid,,,,,,7590.0,6790.0,100.0,True,False,results/exp4_optimization/exp4a/history_fed_addition_gd_p97_N256_a0.5_K10_le10_ft1.0_iid_s42.json
exp4a_a0.5_E10_iid.log,exp4a,,,False,federated,addition,gd,97,256,0.5,123,10,10,1.0,iid,,,,,,7590.0,6790.0,100.0,True,False,results/exp4_optimization/exp4a/history_fed_addition_gd_p97_N256_a0.5_K10_le10_ft1.0_iid_s123.json
exp4a_a0.5_E10_iid.log,exp4a,,,False,federated,addition,gd,97,256,0.5,456,10,10,1.0,iid,,,,,,7800.0,6970.0,100.0,True,False,results/exp4_optimization/exp4a/history_fed_addition_gd_p97_N256_a0.5_K10_le10_ft1.0_iid_s456.json
exp4a_a0.5_E10_noniid.log,exp4a,,,False,federated,addition,gd,97,256,0.5,42,10,10,1.0,dirichlet,0.1,,,,,7690.0,6840.0,100.0,True,False,results/exp4_optimization/exp4a/history_fed_addition_gd_p97_N256_a0.5_K10_le10_ft1.0_dirichlet_dir0.1_s42.json
exp4a_a0.5_E10_noniid.log,exp4a,,,False,federated,addition,gd,97,256,0.5,123,10,10,1.0,dirichlet,0.1,,,,,7640.0,6790.0,100.0,True,False,results/exp4_optimization/exp4a/history_fed_addition_gd_p97_N256_a0.5_K10_le10_ft1.0_dirichlet_dir0.1_s123.json
exp4a_a0.5_E10_noniid.log,exp4a,,,False,federated,addition,gd,97,256,0.5,456,10,10,1.0,dirichlet,0.1,,,,,7890.0,7000.0,100.0,True,False,results/exp4_optimization/exp4a/history_fed_addition_gd_p97_N256_a0.5_K10_le10_ft1.0_dirichlet_dir0.1_s456.json
exp4a_a0.5_E25_iid.log,exp4a,,,False,federated,addition,gd,97,256,0.5,42,10,25,1.0,iid,,,,,,7675.0,6850.0,100.0,True,False,results/exp4_optimization/exp4a/history_fed_addition_gd_p97_N256_a0.5_K10_le25_ft1.0_iid_s42.json
exp4a_a0.5_E25_iid.log,exp4a,,,False,federated,addition,gd,97,256,0.5,123,10,25,1.0,iid,,,,,,7650.0,6850.0,100.0,True,False,results/exp4_optimization/exp4a/history_fed_addition_gd_p97_N256_a0.5_K10_le25_ft1.0_iid_s123.json
exp4a_a0.5_E25_iid.log,exp4a,,,False,federated,addition,gd,97,256,0.5,456,10,25,1.0,iid,,,,,,7900.0,7025.0,100.0,True,False,results/exp4_optimization/exp4a/history_fed_addition_gd_p97_N256_a0.5_K10_le25_ft1.0_iid_s456.json
exp4a_a0.5_E25_noniid.log,exp4a,,,False,federated,addition,gd,97,256,0.5,42,10,25,1.0,dirichlet,0.1,,,,,7750.0,6825.0,100.0,True,False,results/exp4_optimization/exp4a/history_fed_addition_gd_p97_N256_a0.5_K10_le25_ft1.0_dirichlet_dir0.1_s42.json
exp4a_a0.5_E25_noniid.log,exp4a,,,False,federated,addition,gd,97,256,0.5,123,10,25,1.0,dirichlet,0.1,,,,,7650.0,6750.0,100.0,True,False,results/exp4_optimization/exp4a/history_fed_addition_gd_p97_N256_a0.5_K10_le25_ft1.0_dirichlet_dir0.1_s123.json
exp4a_a0.5_E25_noniid.log,exp4a,,,False,federated,addition,gd,97,256,0.5,456,10,25,1.0,dirichlet,0.1,,,,,7950.0,6975.0,100.0,True,False,results/exp4_optimization/exp4a/history_fed_addition_gd_p97_N256_a0.5_K10_le25_ft1.0_dirichlet_dir0.1_s456.json
exp4a_a0.5_E50_iid.log,exp4a,,,False,federated,addition,gd,97,256,0.5,42,10,50,1.0,iid,,,,,,7850.0,7000.0,100.0,True,False,results/exp4_optimization/exp4a/history_fed_addition_gd_p97_N256_a0.5_K10_le50_ft1.0_iid_s42.json
exp4a_a0.5_E50_iid.log,exp4a,,,False,federated,addition,gd,97,256,0.5,123,10,50,1.0,iid,,,,,,7850.0,7000.0,100.0,True,False,results/exp4_optimization/exp4a/history_fed_addition_gd_p97_N256_a0.5_K10_le50_ft1.0_iid_s123.json
exp4a_a0.5_E50_iid.log,exp4a,,,False,federated,addition,gd,97,256,0.5,456,10,50,1.0,iid,,,,,,8100.0,7200.0,100.0,True,False,results/exp4_optimization/exp4a/history_fed_addition_gd_p97_N256_a0.5_K10_le50_ft1.0_iid_s456.json
exp4a_a0.5_E50_noniid.log,exp4a,,,False,federated,addition,gd,97,256,0.5,42,10,50,1.0,dirichlet,0.1,,,,,8000.0,6850.0,100.0,True,False,results/exp4_optimization/exp4a/history_fed_addition_gd_p97_N256_a0.5_K10_le50_ft1.0_dirichlet_dir0.1_s42.json
exp4a_a0.5_E50_noniid.log,exp4a,,,False,federated,addition,gd,97,256,0.5,123,10,50,1.0,dirichlet,0.1,,,,,7850.0,6750.0,100.0,True,False,results/exp4_optimization/exp4a/history_fed_addition_gd_p97_N256_a0.5_K10_le50_ft1.0_dirichlet_dir0.1_s123.json
exp4a_a0.5_E50_noniid.log,exp4a,,,False,federated,addition,gd,97,256,0.5,456,10,50,1.0,dirichlet,0.1,,,,,8150.0,7000.0,100.0,True,False,results/exp4_optimization/exp4a/history_fed_addition_gd_p97_N256_a0.5_K10_le50_ft1.0_dirichlet_dir0.1_s456.json
exp4a_a0.5_E5_iid.log,exp4a,,,False,federated,addition,gd,97,256,0.5,42,10,5,1.0,iid,,,,,,7570.0,6775.0,100.0,True,False,results/exp4_optimization/exp4a/history_fed_addition_gd_p97_N256_a0.5_K10_le5_ft1.0_iid_s42.json
exp4a_a0.5_E5_iid.log,exp4a,,,False,federated,addition,gd,97,256,0.5,123,10,5,1.0,iid,,,,,,7575.0,6775.0,100.0,True,False,results/exp4_optimization/exp4a/history_fed_addition_gd_p97_N256_a0.5_K10_le5_ft1.0_iid_s123.json
exp4a_a0.5_E5_iid.log,exp4a,,,False,federated,addition,gd,97,256,0.5,456,10,5,1.0,iid,,,,,,7780.0,6955.0,100.0,True,False,results/exp4_optimization/exp4a/history_fed_addition_gd_p97_N256_a0.5_K10_le5_ft1.0_iid_s456.json
exp4a_a0.5_E5_noniid.log,exp4a,,,False,federated,addition,gd,97,256,0.5,42,10,5,1.0,dirichlet,0.1,,,,,7620.0,6805.0,100.0,True,False,results/exp4_optimization/exp4a/history_fed_addition_gd_p97_N256_a0.5_K10_le5_ft1.0_dirichlet_dir0.1_s42.json
exp4a_a0.5_E5_noniid.log,exp4a,,,False,federated,addition,gd,97,256,0.5,123,10,5,1.0,dirichlet,0.1,,,,,7595.0,6775.0,100.0,True,False,results/exp4_optimization/exp4a/history_fed_addition_gd_p97_N256_a0.5_K10_le5_ft1.0_dirichlet_dir0.1_s123.json
exp4a_a0.5_E5_noniid.log,exp4a,,,False,federated,addition,gd,97,256,0.5,456,10,5,1.0,dirichlet,0.1,,,,,7825.0,6965.0,100.0,True,False,results/exp4_optimization/exp4a/history_fed_addition_gd_p97_N256_a0.5_K10_le5_ft1.0_dirichlet_dir0.1_s456.json
exp4b_a0.25_f0.2_iid.log,exp4b,,,False,federated,addition,gd,97,256,0.25,42,10,5,0.2,iid,,,,,,23585.0,19330.0,100.0,True,False,results/exp4_optimization/exp4b/history_fed_addition_gd_p97_N256_a0.25_K10_le5_ft0.2_iid_s42.json
exp4b_a0.25_f0.2_iid.log,exp4b,,,False,federated,addition,gd,97,256,0.25,123,10,5,0.2,iid,,,,,,26215.0,21725.0,100.0,True,False,results/exp4_optimization/exp4b/history_fed_addition_gd_p97_N256_a0.25_K10_le5_ft0.2_iid_s123.json
exp4b_a0.25_f0.2_iid.log,exp4b,,,False,federated,addition,gd,97,256,0.25,456,10,5,0.2,iid,,,,,,27830.0,22030.0,100.0,True,False,results/exp4_optimization/exp4b/history_fed_addition_gd_p97_N256_a0.25_K10_le5_ft0.2_iid_s456.json
exp4b_a0.25_f0.2_noniid.log,exp4b,,,False,federated,addition,gd,97,256,0.25,42,10,5,0.2,dirichlet,0.1,,,,,25690.0,20265.0,100.0,True,False,results/exp4_optimization/exp4b/history_fed_addition_gd_p97_N256_a0.25_K10_le5_ft0.2_dirichlet_dir0.1_s42.json
exp4b_a0.25_f0.2_noniid.log,exp4b,,,False,federated,addition,gd,97,256,0.25,123,10,5,0.2,dirichlet,0.1,,,,,27505.0,21990.0,100.0,True,False,results/exp4_optimization/exp4b/history_fed_addition_gd_p97_N256_a0.25_K10_le5_ft0.2_dirichlet_dir0.1_s123.json
exp4b_a0.25_f0.2_noniid.log,exp4b,,,False,federated,addition,gd,97,256,0.25,456,10,5,0.2,dirichlet,0.1,,,,,29835.0,23935.0,100.0,True,False,results/exp4_optimization/exp4b/history_fed_addition_gd_p97_N256_a0.25_K10_le5_ft0.2_dirichlet_dir0.1_s456.json
exp4b_a0.25_f0.4_iid.log,exp4b,,,False,federated,addition,gd,97,256,0.25,42,10,5,0.4,iid,,,,,,24120.0,19645.0,100.0,True,False,results/exp4_optimization/exp4b/history_fed_addition_gd_p97_N256_a0.25_K10_le5_ft0.4_iid_s42.json
exp4b_a0.25_f0.4_iid.log,exp4b,,,False,federated,addition,gd,97,256,0.25,123,10,5,0.4,iid,,,,,,25315.0,20675.0,100.0,True,False,results/exp4_optimization/exp4b/history_fed_addition_gd_p97_N256_a0.25_K10_le5_ft0.4_iid_s123.json
exp4b_a0.25_f0.4_iid.log,exp4b,,,False,federated,addition,gd,97,256,0.25,456,10,5,0.4,iid,,,,,,27835.0,22055.0,100.0,True,False,results/exp4_optimization/exp4b/history_fed_addition_gd_p97_N256_a0.25_K10_le5_ft0.4_iid_s456.json
exp4b_a0.25_f0.4_noniid.log,exp4b,,,False,federated,addition,gd,97,256,0.25,42,10,5,0.4,dirichlet,0.1,,,,,24895.0,20050.0,100.0,True,False,results/exp4_optimization/exp4b/history_fed_addition_gd_p97_N256_a0.25_K10_le5_ft0.4_dirichlet_dir0.1_s42.json
exp4b_a0.25_f0.4_noniid.log,exp4b,,,False,federated,addition,gd,97,256,0.25,123,10,5,0.4,dirichlet,0.1,,,,,28425.0,22305.0,100.0,True,False,results/exp4_optimization/exp4b/history_fed_addition_gd_p97_N256_a0.25_K10_le5_ft0.4_dirichlet_dir0.1_s123.json
exp4b_a0.25_f0.4_noniid.log,exp4b,,,False,federated,addition,gd,97,256,0.25,456,10,5,0.4,dirichlet,0.1,,,,,30960.0,24000.0,100.0,True,False,results/exp4_optimization/exp4b/history_fed_addition_gd_p97_N256_a0.25_K10_le5_ft0.4_dirichlet_dir0.1_s456.json
exp4b_a0.25_f0.6_iid.log,exp4b,,,False,federated,addition,gd,97,256,0.25,42,10,5,0.6,iid,,,,,,24680.0,20220.0,100.0,True,False,results/exp4_optimization/exp4b/history_fed_addition_gd_p97_N256_a0.25_K10_le5_ft0.6_iid_s42.json
exp4b_a0.25_f0.6_iid.log,exp4b,,,False,federated,addition,gd,97,256,0.25,123,10,5,0.6,iid,,,,,,26720.0,21585.0,100.0,True,False,results/exp4_optimization/exp4b/history_fed_addition_gd_p97_N256_a0.25_K10_le5_ft0.6_iid_s123.json
exp4b_a0.25_f0.6_iid.log,exp4b,,,False,federated,addition,gd,97,256,0.25,456,10,5,0.6,iid,,,,,,28640.0,22430.0,100.0,True,False,results/exp4_optimization/exp4b/history_fed_addition_gd_p97_N256_a0.25_K10_le5_ft0.6_iid_s456.json
exp4b_a0.25_f0.6_noniid.log,exp4b,,,False,federated,addition,gd,97,256,0.25,42,10,5,0.6,dirichlet,0.1,,,,,25460.0,20285.0,100.0,True,False,results/exp4_optimization/exp4b/history_fed_addition_gd_p97_N256_a0.25_K10_le5_ft0.6_dirichlet_dir0.1_s42.json
exp4b_a0.25_f0.6_noniid.log,exp4b,,,False,federated,addition,gd,97,256,0.25,123,10,5,0.6,dirichlet,0.1,,,,,30580.0,24950.0,100.0,True,False,results/exp4_optimization/exp4b/history_fed_addition_gd_p97_N256_a0.25_K10_le5_ft0.6_dirichlet_dir0.1_s123.json
exp4b_a0.25_f0.6_noniid.log,exp4b,,,False,federated,addition,gd,97,256,0.25,456,10,5,0.6,dirichlet,0.1,,,,,31310.0,23900.0,100.0,True,False,results/exp4_optimization/exp4b/history_fed_addition_gd_p97_N256_a0.25_K10_le5_ft0.6_dirichlet_dir0.1_s456.json
exp4b_a0.25_f1.0_iid.log,exp4b,,,False,federated,addition,gd,97,256,0.25,42,10,5,1.0,iid,,,,,,24450.0,20145.0,100.0,True,False,results/exp4_optimization/exp4b/history_fed_addition_gd_p97_N256_a0.25_K10_le5_ft1.0_iid_s42.json
exp4b_a0.25_f1.0_iid.log,exp4b,,,False,federated,addition,gd,97,256,0.25,123,10,5,1.0,iid,,,,,,26780.0,21580.0,100.0,True,False,results/exp4_optimization/exp4b/history_fed_addition_gd_p97_N256_a0.25_K10_le5_ft1.0_iid_s123.json
exp4b_a0.25_f1.0_iid.log,exp4b,,,False,federated,addition,gd,97,256,0.25,456,10,5,1.0,iid,,,,,,28790.0,22525.0,100.0,True,False,results/exp4_optimization/exp4b/history_fed_addition_gd_p97_N256_a0.25_K10_le5_ft1.0_iid_s456.json
exp4b_a0.25_f1.0_noniid.log,exp4b,,,False,federated,addition,gd,97,256,0.25,42,10,5,1.0,dirichlet,0.1,,,,,25610.0,20485.0,100.0,True,False,results/exp4_optimization/exp4b/history_fed_addition_gd_p97_N256_a0.25_K10_le5_ft1.0_dirichlet_dir0.1_s42.json
exp4b_a0.25_f1.0_noniid.log,exp4b,,,False,federated,addition,gd,97,256,0.25,123,10,5,1.0,dirichlet,0.1,,,,,31465.0,25080.0,100.0,True,False,results/exp4_optimization/exp4b/history_fed_addition_gd_p97_N256_a0.25_K10_le5_ft1.0_dirichlet_dir0.1_s123.json
exp4b_a0.25_f1.0_noniid.log,exp4b,,,False,federated,addition,gd,97,256,0.25,456,10,5,1.0,dirichlet,0.1,,,,,31415.0,24560.0,100.0,True,False,results/exp4_optimization/exp4b/history_fed_addition_gd_p97_N256_a0.25_K10_le5_ft1.0_dirichlet_dir0.1_s456.json
exp4b_a0.3_f0.2_iid.log,exp4b,,,False,federated,addition,gd,97,256,0.3,42,10,5,0.2,iid,,,,,,12735.0,10770.0,100.0,True,False,results/exp4_optimization/exp4b/history_fed_addition_gd_p97_N256_a0.3_K10_le5_ft0.2_iid_s42.json
exp4b_a0.3_f0.2_iid.log,exp4b,,,False,federated,addition,gd,97,256,0.3,123,10,5,0.2,iid,,,,,,12925.0,10810.0,100.0,True,False,results/exp4_optimization/exp4b/history_fed_addition_gd_p97_N256_a0.3_K10_le5_ft0.2_iid_s123.json
exp4b_a0.3_f0.2_iid.log,exp4b,,,False,federated,addition,gd,97,256,0.3,456,10,5,0.2,iid,,,,,,13710.0,11735.0,100.0,True,False,results/exp4_optimization/exp4b/history_fed_addition_gd_p97_N256_a0.3_K10_le5_ft0.2_iid_s456.json
exp4b_a0.3_f0.2_noniid.log,exp4b,,,False,federated,addition,gd,97,256,0.3,42,10,5,0.2,dirichlet,0.1,,,,,13315.0,11205.0,100.0,True,False,results/exp4_optimization/exp4b/history_fed_addition_gd_p97_N256_a0.3_K10_le5_ft0.2_dirichlet_dir0.1_s42.json
exp4b_a0.3_f0.2_noniid.log,exp4b,,,False,federated,addition,gd,97,256,0.3,123,10,5,0.2,dirichlet,0.1,,,,,13320.0,11125.0,100.0,True,False,results/exp4_optimization/exp4b/history_fed_addition_gd_p97_N256_a0.3_K10_le5_ft0.2_dirichlet_dir0.1_s123.json
exp4b_a0.3_f0.2_noniid.log,exp4b,,,False,federated,addition,gd,97,256,0.3,456,10,5,0.2,dirichlet,0.1,,,,,14830.0,12705.0,100.0,True,False,results/exp4_optimization/exp4b/history_fed_addition_gd_p97_N256_a0.3_K10_le5_ft0.2_dirichlet_dir0.1_s456.json
exp4b_a0.3_f0.4_iid.log,exp4b,,,False,federated,addition,gd,97,256,0.3,42,10,5,0.4,iid,,,,,,12775.0,10770.0,100.0,True,False,results/exp4_optimization/exp4b/history_fed_addition_gd_p97_N256_a0.3_K10_le5_ft0.4_iid_s42.json
exp4b_a0.3_f0.4_iid.log,exp4b,,,False,federated,addition,gd,97,256,0.3,123,10,5,0.4,iid,,,,,,12800.0,10755.0,100.0,True,False,results/exp4_optimization/exp4b/history_fed_addition_gd_p97_N256_a0.3_K10_le5_ft0.4_iid_s123.json
exp4b_a0.3_f0.4_iid.log,exp4b,,,False,federated,addition,gd,97,256,0.3,456,10,5,0.4,iid,,,,,,13580.0,11650.0,100.0,True,False,results/exp4_optimization/exp4b/history_fed_addition_gd_p97_N256_a0.3_K10_le5_ft0.4_iid_s456.json
exp4b_a0.3_f0.4_noniid.log,exp4b,,,False,federated,addition,gd,97,256,0.3,42,10,5,0.4,dirichlet,0.1,,,,,13305.0,11160.0,100.0,True,False,results/exp4_optimization/exp4b/history_fed_addition_gd_p97_N256_a0.3_K10_le5_ft0.4_dirichlet_dir0.1_s42.json
exp4b_a0.3_f0.4_noniid.log,exp4b,,,False,federated,addition,gd,97,256,0.3,123,10,5,0.4,dirichlet,0.1,,,,,13200.0,11130.0,100.0,True,False,results/exp4_optimization/exp4b/history_fed_addition_gd_p97_N256_a0.3_K10_le5_ft0.4_dirichlet_dir0.1_s123.json
exp4b_a0.3_f0.4_noniid.log,exp4b,,,False,federated,addition,gd,97,256,0.3,456,10,5,0.4,dirichlet,0.1,,,,,14630.0,12490.0,100.0,True,False,results/exp4_optimization/exp4b/history_fed_addition_gd_p97_N256_a0.3_K10_le5_ft0.4_dirichlet_dir0.1_s456.json
exp4b_a0.3_f0.6_iid.log,exp4b,,,False,federated,addition,gd,97,256,0.3,42,10,5,0.6,iid,,,,,,12840.0,10815.0,100.0,True,False,results/exp4_optimization/exp4b/history_fed_addition_gd_p97_N256_a0.3_K10_le5_ft0.6_iid_s42.json
exp4b_a0.3_f0.6_iid.log,exp4b,,,False,federated,addition,gd,97,256,0.3,123,10,5,0.6,iid,,,,,,12825.0,10755.0,100.0,True,False,results/exp4_optimization/exp4b/history_fed_addition_gd_p97_N256_a0.3_K10_le5_ft0.6_iid_s123.json
exp4b_a0.3_f0.6_iid.log,exp4b,,,False,federated,addition,gd,97,256,0.3,456,10,5,0.6,iid,,,,,,13670.0,11750.0,100.0,True,False,results/exp4_optimization/exp4b/history_fed_addition_gd_p97_N256_a0.3_K10_le5_ft0.6_iid_s456.json
exp4b_a0.3_f0.6_noniid.log,exp4b,,,False,federated,addition,gd,97,256,0.3,42,10,5,0.6,dirichlet,0.1,,,,,13330.0,11225.0,100.0,True,False,results/exp4_optimization/exp4b/history_fed_addition_gd_p97_N256_a0.3_K10_le5_ft0.6_dirichlet_dir0.1_s42.json
exp4b_a0.3_f0.6_noniid.log,exp4b,,,False,federated,addition,gd,97,256,0.3,123,10,5,0.6,dirichlet,0.1,,,,,13235.0,11115.0,100.0,True,False,results/exp4_optimization/exp4b/history_fed_addition_gd_p97_N256_a0.3_K10_le5_ft0.6_dirichlet_dir0.1_s123.json
exp4b_a0.3_f0.6_noniid.log,exp4b,,,False,federated,addition,gd,97,256,0.3,456,10,5,0.6,dirichlet,0.1,,,,,14395.0,12230.0,100.0,True,False,results/exp4_optimization/exp4b/history_fed_addition_gd_p97_N256_a0.3_K10_le5_ft0.6_dirichlet_dir0.1_s456.json
exp4b_a0.3_f1.0_iid.log,exp4b,,,False,federated,addition,gd,97,256,0.3,42,10,5,1.0,iid,,,,,,12805.0,10805.0,100.0,True,False,results/exp4_optimization/exp4b/history_fed_addition_gd_p97_N256_a0.3_K10_le5_ft1.0_iid_s42.json
exp4b_a0.3_f1.0_iid.log,exp4b,,,False,federated,addition,gd,97,256,0.3,123,10,5,1.0,iid,,,,,,12855.0,10745.0,100.0,True,False,results/exp4_optimization/exp4b/history_fed_addition_gd_p97_N256_a0.3_K10_le5_ft1.0_iid_s123.json
exp4b_a0.3_f1.0_iid.log,exp4b,,,False,federated,addition,gd,97,256,0.3,456,10,5,1.0,iid,,,,,,13630.0,11725.0,100.0,True,False,results/exp4_optimization/exp4b/history_fed_addition_gd_p97_N256_a0.3_K10_le5_ft1.0_iid_s456.json
exp4b_a0.3_f1.0_noniid.log,exp4b,,,False,federated,addition,gd,97,256,0.3,42,10,5,1.0,dirichlet,0.1,,,,,13395.0,11210.0,100.0,True,False,results/exp4_optimization/exp4b/history_fed_addition_gd_p97_N256_a0.3_K10_le5_ft1.0_dirichlet_dir0.1_s42.json
exp4b_a0.3_f1.0_noniid.log,exp4b,,,False,federated,addition,gd,97,256,0.3,123,10,5,1.0,dirichlet,0.1,,,,,13300.0,11140.0,100.0,True,False,results/exp4_optimization/exp4b/history_fed_addition_gd_p97_N256_a0.3_K10_le5_ft1.0_dirichlet_dir0.1_s123.json
exp4b_a0.3_f1.0_noniid.log,exp4b,,,False,federated,addition,gd,97,256,0.3,456,10,5,1.0,dirichlet,0.1,,,,,14375.0,12245.0,100.0,True,False,results/exp4_optimization/exp4b/history_fed_addition_gd_p97_N256_a0.3_K10_le5_ft1.0_dirichlet_dir0.1_s456.json
exp4b_a0.5_f0.2_iid.log,exp4b,,,False,federated,addition,gd,97,256,0.5,42,10,5,0.2,iid,,,,,,7550.0,6770.0,100.0,True,False,results/exp4_optimization/exp4b/history_fed_addition_gd_p97_N256_a0.5_K10_le5_ft0.2_iid_s42.json
exp4b_a0.5_f0.2_iid.log,exp4b,,,False,federated,addition,gd,97,256,0.5,123,10,5,0.2,iid,,,,,,7550.0,6770.0,100.0,True,False,results/exp4_optimization/exp4b/history_fed_addition_gd_p97_N256_a0.5_K10_le5_ft0.2_iid_s123.json
exp4b_a0.5_f0.2_iid.log,exp4b,,,False,federated,addition,gd,97,256,0.5,456,10,5,0.2,iid,,,,,,7785.0,6985.0,100.0,True,False,results/exp4_optimization/exp4b/history_fed_addition_gd_p97_N256_a0.5_K10_le5_ft0.2_iid_s456.json
exp4b_a0.5_f0.2_noniid.log,exp4b,,,False,federated,addition,gd,97,256,0.5,42,10,5,0.2,dirichlet,0.1,,,,,7730.0,6825.0,100.0,True,False,results/exp4_optimization/exp4b/history_fed_addition_gd_p97_N256_a0.5_K10_le5_ft0.2_dirichlet_dir0.1_s42.json
exp4b_a0.5_f0.2_noniid.log,exp4b,,,False,federated,addition,gd,97,256,0.5,123,10,5,0.2,dirichlet,0.1,,,,,7640.0,6790.0,100.0,True,False,results/exp4_optimization/exp4b/history_fed_addition_gd_p97_N256_a0.5_K10_le5_ft0.2_dirichlet_dir0.1_s123.json
exp4b_a0.5_f0.2_noniid.log,exp4b,,,False,federated,addition,gd,97,256,0.5,456,10,5,0.2,dirichlet,0.1,,,,,7960.0,7025.0,100.0,True,False,results/exp4_optimization/exp4b/history_fed_addition_gd_p97_N256_a0.5_K10_le5_ft0.2_dirichlet_dir0.1_s456.json
exp4b_a0.5_f0.4_iid.log,exp4b,,,False,federated,addition,gd,97,256,0.5,42,10,5,0.4,iid,,,,,,7585.0,6785.0,100.0,True,False,results/exp4_optimization/exp4b/history_fed_addition_gd_p97_N256_a0.5_K10_le5_ft0.4_iid_s42.json
exp4b_a0.5_f0.4_iid.log,exp4b,,,False,federated,addition,gd,97,256,0.5,123,10,5,0.4,iid,,,,,,7600.0,6795.0,100.0,True,False,results/exp4_optimization/exp4b/history_fed_addition_gd_p97_N256_a0.5_K10_le5_ft0.4_iid_s123.json
exp4b_a0.5_f0.4_iid.log,exp4b,,,False,federated,addition,gd,97,256,0.5,456,10,5,0.4,iid,,,,,,7810.0,6980.0,100.0,True,False,results/exp4_optimization/exp4b/history_fed_addition_gd_p97_N256_a0.5_K10_le5_ft0.4_iid_s456.json
exp4b_a0.5_f0.4_noniid.log,exp4b,,,False,federated,addition,gd,97,256,0.5,42,10,5,0.4,dirichlet,0.1,,,,,7655.0,6825.0,100.0,True,False,results/exp4_optimization/exp4b/history_fed_addition_gd_p97_N256_a0.5_K10_le5_ft0.4_dirichlet_dir0.1_s42.json
exp4b_a0.5_f0.4_noniid.log,exp4b,,,False,federated,addition,gd,97,256,0.5,123,10,5,0.4,dirichlet,0.1,,,,,7670.0,6815.0,100.0,True,False,results/exp4_optimization/exp4b/history_fed_addition_gd_p97_N256_a0.5_K10_le5_ft0.4_dirichlet_dir0.1_s123.json
exp4b_a0.5_f0.4_noniid.log,exp4b,,,False,federated,addition,gd,97,256,0.5,456,10,5,0.4,dirichlet,0.1,,,,,7875.0,7010.0,100.0,True,False,results/exp4_optimization/exp4b/history_fed_addition_gd_p97_N256_a0.5_K10_le5_ft0.4_dirichlet_dir0.1_s456.json
exp4b_a0.5_f0.6_iid.log,exp4b,,,False,federated,addition,gd,97,256,0.5,42,10,5,0.6,iid,,,,,,7570.0,6775.0,100.0,True,False,results/exp4_optimization/exp4b/history_fed_addition_gd_p97_N256_a0.5_K10_le5_ft0.6_iid_s42.json
exp4b_a0.5_f0.6_iid.log,exp4b,,,False,federated,addition,gd,97,256,0.5,123,10,5,0.6,iid,,,,,,7595.0,6795.0,100.0,True,False,results/exp4_optimization/exp4b/history_fed_addition_gd_p97_N256_a0.5_K10_le5_ft0.6_iid_s123.json
exp4b_a0.5_f0.6_iid.log,exp4b,,,False,federated,addition,gd,97,256,0.5,456,10,5,0.6,iid,,,,,,7775.0,6955.0,100.0,True,False,results/exp4_optimization/exp4b/history_fed_addition_gd_p97_N256_a0.5_K10_le5_ft0.6_iid_s456.json
exp4b_a0.5_f0.6_noniid.log,exp4b,,,False,federated,addition,gd,97,256,0.5,42,10,5,0.6,dirichlet,0.1,,,,,7635.0,6810.0,100.0,True,False,results/exp4_optimization/exp4b/history_fed_addition_gd_p97_N256_a0.5_K10_le5_ft0.6_dirichlet_dir0.1_s42.json
exp4b_a0.5_f0.6_noniid.log,exp4b,,,False,federated,addition,gd,97,256,0.5,123,10,5,0.6,dirichlet,0.1,,,,,7570.0,6775.0,100.0,True,False,results/exp4_optimization/exp4b/history_fed_addition_gd_p97_N256_a0.5_K10_le5_ft0.6_dirichlet_dir0.1_s123.json
exp4b_a0.5_f0.6_noniid.log,exp4b,,,False,federated,addition,gd,97,256,0.5,456,10,5,0.6,dirichlet,0.1,,,,,7815.0,6970.0,100.0,True,False,results/exp4_optimization/exp4b/history_fed_addition_gd_p97_N256_a0.5_K10_le5_ft0.6_dirichlet_dir0.1_s456.json
exp4b_a0.5_f1.0_iid.log,exp4b,,,False,federated,addition,gd,97,256,0.5,42,10,5,1.0,iid,,,,,,7570.0,6775.0,100.0,True,False,results/exp4_optimization/exp4b/history_fed_addition_gd_p97_N256_a0.5_K10_le5_ft1.0_iid_s42.json
exp4b_a0.5_f1.0_iid.log,exp4b,,,False,federated,addition,gd,97,256,0.5,123,10,5,1.0,iid,,,,,,7575.0,6775.0,100.0,True,False,results/exp4_optimization/exp4b/history_fed_addition_gd_p97_N256_a0.5_K10_le5_ft1.0_iid_s123.json
exp4b_a0.5_f1.0_iid.log,exp4b,,,False,federated,addition,gd,97,256,0.5,456,10,5,1.0,iid,,,,,,7780.0,6955.0,100.0,True,False,results/exp4_optimization/exp4b/history_fed_addition_gd_p97_N256_a0.5_K10_le5_ft1.0_iid_s456.json
exp4b_a0.5_f1.0_noniid.log,exp4b,,,False,federated,addition,gd,97,256,0.5,42,10,5,1.0,dirichlet,0.1,,,,,7620.0,6805.0,100.0,True,False,results/exp4_optimization/exp4b/history_fed_addition_gd_p97_N256_a0.5_K10_le5_ft1.0_dirichlet_dir0.1_s42.json
exp4b_a0.5_f1.0_noniid.log,exp4b,,,False,federated,addition,gd,97,256,0.5,123,10,5,1.0,dirichlet,0.1,,,,,7595.0,6775.0,100.0,True,False,results/exp4_optimization/exp4b/history_fed_addition_gd_p97_N256_a0.5_K10_le5_ft1.0_dirichlet_dir0.1_s123.json
exp4b_a0.5_f1.0_noniid.log,exp4b,,,False,federated,addition,gd,97,256,0.5,456,10,5,1.0,dirichlet,0.1,,,,,7825.0,6965.0,100.0,True,False,results/exp4_optimization/exp4b/history_fed_addition_gd_p97_N256_a0.5_K10_le5_ft1.0_dirichlet_dir0.1_s456.json
exp4c_a0.25_E1.log,exp4,,,False,federated,addition,gd,97,256,0.25,42,10,1,1.0,iid,,,,,,inf,inf,0.0,False,True,results/exp4_optimization/exp4c/history_fed_addition_gd_p97_N256_a0.25_K10_le1_ft1.0_iid_s42.json
exp4c_a0.25_E1.log,exp4,,,False,federated,addition,gd,97,256,0.25,123,10,1,1.0,iid,,,,,,inf,inf,0.1,False,True,results/exp4_optimization/exp4c/history_fed_addition_gd_p97_N256_a0.25_K10_le1_ft1.0_iid_s123.json
exp4c_a0.25_E1.log,exp4,,,False,federated,addition,gd,97,256,0.25,456,10,1,1.0,iid,,,,,,inf,inf,0.0,False,True,results/exp4_optimization/exp4c/history_fed_addition_gd_p97_N256_a0.25_K10_le1_ft1.0_iid_s456.json
exp4c_a0.25_E10.log,exp4,,,False,federated,addition,gd,97,256,0.25,42,10,10,1.0,iid,,,,,,inf,inf,32.8,False,True,results/exp4_optimization/exp4c/history_fed_addition_gd_p97_N256_a0.25_K10_le10_ft1.0_iid_s42.json
exp4c_a0.25_E10.log,exp4,,,False,federated,addition,gd,97,256,0.25,123,10,10,1.0,iid,,,,,,inf,inf,22.7,False,True,results/exp4_optimization/exp4c/history_fed_addition_gd_p97_N256_a0.25_K10_le10_ft1.0_iid_s123.json
exp4c_a0.25_E10.log,exp4,,,False,federated,addition,gd,97,256,0.25,456,10,10,1.0,iid,,,,,,inf,inf,18.2,False,True,results/exp4_optimization/exp4c/history_fed_addition_gd_p97_N256_a0.25_K10_le10_ft1.0_iid_s456.json
exp4c_a0.25_E25.log,exp4,,,False,federated,addition,gd,97,256,0.25,42,10,25,1.0,iid,,,,,,39075.0,28175.0,100.0,True,False,results/exp4_optimization/exp4c/history_fed_addition_gd_p97_N256_a0.25_K10_le25_ft1.0_iid_s42.json
exp4c_a0.25_E25.log,exp4,,,False,federated,addition,gd,97,256,0.25,123,10,25,1.0,iid,,,,,,45425.0,32250.0,99.5,True,False,results/exp4_optimization/exp4c/history_fed_addition_gd_p97_N256_a0.25_K10_le25_ft1.0_iid_s123.json
exp4c_a0.25_E25.log,exp4,,,False,federated,addition,gd,97,256,0.25,456,10,25,1.0,iid,,,,,,50000.0,35525.0,95.2,True,False,results/exp4_optimization/exp4c/history_fed_addition_gd_p97_N256_a0.25_K10_le25_ft1.0_iid_s456.json
exp4c_a0.25_E5.log,exp4,,,False,federated,addition,gd,97,256,0.25,42,10,5,1.0,iid,,,,,,inf,inf,2.1,False,True,results/exp4_optimization/exp4c/history_fed_addition_gd_p97_N256_a0.25_K10_le5_ft1.0_iid_s42.json
exp4c_a0.25_E5.log,exp4,,,False,federated,addition,gd,97,256,0.25,123,10,5,1.0,iid,,,,,,inf,inf,1.3,False,True,results/exp4_optimization/exp4c/history_fed_addition_gd_p97_N256_a0.25_K10_le5_ft1.0_iid_s123.json
exp4c_a0.25_E5.log,exp4,,,False,federated,addition,gd,97,256,0.25,456,10,5,1.0,iid,,,,,,inf,inf,1.3,False,True,results/exp4_optimization/exp4c/history_fed_addition_gd_p97_N256_a0.25_K10_le5_ft1.0_iid_s456.json
exp4c_a0.3_E1.log,exp4,,,False,federated,addition,gd,97,256,0.3,42,10,1,1.0,iid,,,,,,inf,inf,0.0,False,True,results/exp4_optimization/exp4c/history_fed_addition_gd_p97_N256_a0.3_K10_le1_ft1.0_iid_s42.json
exp4c_a0.3_E1.log,exp4,,,False,federated,addition,gd,97,256,0.3,123,10,1,1.0,iid,,,,,,inf,inf,0.0,False,True,results/exp4_optimization/exp4c/history_fed_addition_gd_p97_N256_a0.3_K10_le1_ft1.0_iid_s123.json
exp4c_a0.3_E1.log,exp4,,,False,federated,addition,gd,97,256,0.3,456,10,1,1.0,iid,,,,,,inf,inf,0.0,False,True,results/exp4_optimization/exp4c/history_fed_addition_gd_p97_N256_a0.3_K10_le1_ft1.0_iid_s456.json
exp4c_a0.3_E10.log,exp4,,,False,federated,addition,gd,97,256,0.3,42,10,10,1.0,iid,,,,,,13200.0,11100.0,100.0,True,False,results/exp4_optimization/exp4c/history_fed_addition_gd_p97_N256_a0.3_K10_le10_ft1.0_iid_s42.json
exp4c_a0.3_E10.log,exp4,,,False,federated,addition,gd,97,256,0.3,123,10,10,1.0,iid,,,,,,13270.0,11020.0,100.0,True,False,results/exp4_optimization/exp4c/history_fed_addition_gd_p97_N256_a0.3_K10_le10_ft1.0_iid_s123.json
exp4c_a0.3_E10.log,exp4,,,False,federated,addition,gd,97,256,0.3,456,10,10,1.0,iid,,,,,,14100.0,12100.0,100.0,True,False,results/exp4_optimization/exp4c/history_fed_addition_gd_p97_N256_a0.3_K10_le10_ft1.0_iid_s456.json
exp4c_a0.3_E25.log,exp4,,,False,federated,addition,gd,97,256,0.3,42,10,25,1.0,iid,,,,,,14625.0,12200.0,100.0,True,False,results/exp4_optimization/exp4c/history_fed_addition_gd_p97_N256_a0.3_K10_le25_ft1.0_iid_s42.json
exp4c_a0.3_E25.log,exp4,,,False,federated,addition,gd,97,256,0.3,123,10,25,1.0,iid,,,,,,14725.0,12075.0,100.0,True,False,results/exp4_optimization/exp4c/history_fed_addition_gd_p97_N256_a0.3_K10_le25_ft1.0_iid_s123.json
exp4c_a0.3_E25.log,exp4,,,False,federated,addition,gd,97,256,0.3,456,10,25,1.0,iid,,,,,,15925.0,13425.0,100.0,True,False,results/exp4_optimization/exp4c/history_fed_addition_gd_p97_N256_a0.3_K10_le25_ft1.0_iid_s456.json
exp4c_a0.3_E5.log,exp4,,,False,federated,addition,gd,97,256,0.3,42,10,5,1.0,iid,,,,,,inf,inf,28.9,False,True,results/exp4_optimization/exp4c/history_fed_addition_gd_p97_N256_a0.3_K10_le5_ft1.0_iid_s42.json
exp4c_a0.3_E5.log,exp4,,,False,federated,addition,gd,97,256,0.3,123,10,5,1.0,iid,,,,,,inf,inf,29.5,False,True,results/exp4_optimization/exp4c/history_fed_addition_gd_p97_N256_a0.3_K10_le5_ft1.0_iid_s123.json
exp4c_a0.3_E5.log,exp4,,,False,federated,addition,gd,97,256,0.3,456,10,5,1.0,iid,,,,,,inf,inf,14.3,False,True,results/exp4_optimization/exp4c/history_fed_addition_gd_p97_N256_a0.3_K10_le5_ft1.0_iid_s456.json
exp4c_a0.5_E1.log,exp4,,,False,federated,addition,gd,97,256,0.5,42,10,1,1.0,iid,,,,,,inf,inf,0.0,False,True,results/exp4_optimization/exp4c/history_fed_addition_gd_p97_N256_a0.5_K10_le1_ft1.0_iid_s42.json
exp4c_a0.5_E1.log,exp4,,,False,federated,addition,gd,97,256,0.5,123,10,1,1.0,iid,,,,,,inf,inf,0.1,False,True,results/exp4_optimization/exp4c/history_fed_addition_gd_p97_N256_a0.5_K10_le1_ft1.0_iid_s123.json
exp4c_a0.5_E1.log,exp4,,,False,federated,addition,gd,97,256,0.5,456,10,1,1.0,iid,,,,,,inf,inf,0.0,False,True,results/exp4_optimization/exp4c/history_fed_addition_gd_p97_N256_a0.5_K10_le1_ft1.0_iid_s456.json
exp4c_a0.5_E10.log,exp4,,,False,federated,addition,gd,97,256,0.5,42,10,10,1.0,iid,,,,,,7590.0,6790.0,100.0,True,False,results/exp4_optimization/exp4c/history_fed_addition_gd_p97_N256_a0.5_K10_le10_ft1.0_iid_s42.json
exp4c_a0.5_E10.log,exp4,,,False,federated,addition,gd,97,256,0.5,123,10,10,1.0,iid,,,,,,7590.0,6790.0,100.0,True,False,results/exp4_optimization/exp4c/history_fed_addition_gd_p97_N256_a0.5_K10_le10_ft1.0_iid_s123.json
exp4c_a0.5_E10.log,exp4,,,False,federated,addition,gd,97,256,0.5,456,10,10,1.0,iid,,,,,,7800.0,6970.0,100.0,True,False,results/exp4_optimization/exp4c/history_fed_addition_gd_p97_N256_a0.5_K10_le10_ft1.0_iid_s456.json
exp4c_a0.5_E25.log,exp4,,,False,federated,addition,gd,97,256,0.5,42,10,25,1.0,iid,,,,,,7675.0,6850.0,100.0,True,False,results/exp4_optimization/exp4c/history_fed_addition_gd_p97_N256_a0.5_K10_le25_ft1.0_iid_s42.json
exp4c_a0.5_E25.log,exp4,,,False,federated,addition,gd,97,256,0.5,123,10,25,1.0,iid,,,,,,7650.0,6850.0,100.0,True,False,results/exp4_optimization/exp4c/history_fed_addition_gd_p97_N256_a0.5_K10_le25_ft1.0_iid_s123.json
exp4c_a0.5_E25.log,exp4,,,False,federated,addition,gd,97,256,0.5,456,10,25,1.0,iid,,,,,,7900.0,7025.0,100.0,True,False,results/exp4_optimization/exp4c/history_fed_addition_gd_p97_N256_a0.5_K10_le25_ft1.0_iid_s456.json
exp4c_a0.5_E5.log,exp4,,,False,federated,addition,gd,97,256,0.5,42,10,5,1.0,iid,,,,,,7570.0,6775.0,100.0,True,False,results/exp4_optimization/exp4c/history_fed_addition_gd_p97_N256_a0.5_K10_le5_ft1.0_iid_s42.json
exp4c_a0.5_E5.log,exp4,,,False,federated,addition,gd,97,256,0.5,123,10,5,1.0,iid,,,,,,7575.0,6775.0,100.0,True,False,results/exp4_optimization/exp4c/history_fed_addition_gd_p97_N256_a0.5_K10_le5_ft1.0_iid_s123.json
exp4c_a0.5_E5.log,exp4,,,False,federated,addition,gd,97,256,0.5,456,10,5,1.0,iid,,,,,,7780.0,6955.0,100.0,True,False,results/exp4_optimization/exp4c/history_fed_addition_gd_p97_N256_a0.5_K10_le5_ft1.0_iid_s456.json
exp5_H1_FedAdam-0.01.log,exp5,H1,FedAdam-0.01,False,federated,addition,gd,97,256,0.25,42,10,25,1.0,iid,,,,,,9300.0,7400.0,100.0,True,False,results/exp5_algorithms/H1/history_fed_addition_gd_p97_N256_a0.25_K10_le25_ft1.0_iid_s42.json
exp5_H1_FedAdam-0.01.log,exp5,H1,FedAdam-0.01,False,federated,addition,gd,97,256,0.25,123,10,25,1.0,iid,,,,,,10350.0,8325.0,100.0,True,False,results/exp5_algorithms/H1/history_fed_addition_gd_p97_N256_a0.25_K10_le25_ft1.0_iid_s123.json
exp5_H1_FedAdam-0.01.log,exp5,H1,FedAdam-0.01,False,federated,addition,gd,97,256,0.25,456,10,25,1.0,iid,,,,,,10850.0,8675.0,99.9,True,False,results/exp5_algorithms/H1/history_fed_addition_gd_p97_N256_a0.25_K10_le25_ft1.0_iid_s456.json
exp5_H1_FedAdam-0.1.log,exp5,H1,FedAdam-0.1,False,federated,addition,gd,97,256,0.25,42,10,25,1.0,iid,,,,,,2150.0,1775.0,100.0,True,False,results/exp5_algorithms/H1/history_fed_addition_gd_p97_N256_a0.25_K10_le25_ft1.0_iid_s42.json
exp5_H1_FedAdam-0.1.log,exp5,H1,FedAdam-0.1,False,federated,addition,gd,97,256,0.25,123,10,25,1.0,iid,,,,,,3450.0,2075.0,100.0,True,False,results/exp5_algorithms/H1/history_fed_addition_gd_p97_N256_a0.25_K10_le25_ft1.0_iid_s123.json
exp5_H1_FedAdam-0.1.log,exp5,H1,FedAdam-0.1,False,federated,addition,gd,97,256,0.25,456,10,25,1.0,iid,,,,,,3550.0,2275.0,100.0,True,False,results/exp5_algorithms/H1/history_fed_addition_gd_p97_N256_a0.25_K10_le25_ft1.0_iid_s456.json
exp5_H1_FedAdam-1.0.log,exp5,H1,FedAdam-1.0,False,federated,addition,gd,97,256,0.25,42,10,25,1.0,iid,,,,,,inf,inf,1.1,False,True,results/exp5_algorithms/H1/history_fed_addition_gd_p97_N256_a0.25_K10_le25_ft1.0_iid_s42.json
exp5_H1_FedAdam-1.0.log,exp5,H1,FedAdam-1.0,False,federated,addition,gd,97,256,0.25,123,10,25,1.0,iid,,,,,,inf,inf,1.0,False,True,results/exp5_algorithms/H1/history_fed_addition_gd_p97_N256_a0.25_K10_le25_ft1.0_iid_s123.json
exp5_H1_FedAdam-1.0.log,exp5,H1,FedAdam-1.0,False,federated,addition,gd,97,256,0.25,456,10,25,1.0,iid,,,,,,inf,inf,1.0,False,True,results/exp5_algorithms/H1/history_fed_addition_gd_p97_N256_a0.25_K10_le25_ft1.0_iid_s456.json
exp5_H1_FedAvg+WD-0.01.log,exp5,H1,FedAvg+WD-0.01,False,federated,addition,gd,97,256,0.25,42,10,25,1.0,iid,,,,,,inf,inf,1.1,False,True,results/exp5_algorithms/H1/history_fed_addition_gd_p97_N256_a0.25_K10_le25_ft1.0_iid_s42.json
exp5_H1_FedAvg+WD-0.01.log,exp5,H1,FedAvg+WD-0.01,False,federated,addition,gd,97,256,0.25,123,10,25,1.0,iid,,,,,,inf,inf,1.0,False,True,results/exp5_algorithms/H1/history_fed_addition_gd_p97_N256_a0.25_K10_le25_ft1.0_iid_s123.json
exp5_H1_FedAvg+WD-0.01.log,exp5,H1,FedAvg+WD-0.01,False,federated,addition,gd,97,256,0.25,456,10,25,1.0,iid,,,,,,inf,inf,1.0,False,True,results/exp5_algorithms/H1/history_fed_addition_gd_p97_N256_a0.25_K10_le25_ft1.0_iid_s456.json
exp5_H1_FedAvg+WD-0.1.log,exp5,H1,FedAvg+WD-0.1,False,federated,addition,gd,97,256,0.25,42,10,25,1.0,iid,,,,,,inf,inf,1.1,False,True,results/exp5_algorithms/H1/history_fed_addition_gd_p97_N256_a0.25_K10_le25_ft1.0_iid_s42.json
exp5_H1_FedAvg+WD-0.1.log,exp5,H1,FedAvg+WD-0.1,False,federated,addition,gd,97,256,0.25,123,10,25,1.0,iid,,,,,,inf,inf,1.0,False,True,results/exp5_algorithms/H1/history_fed_addition_gd_p97_N256_a0.25_K10_le25_ft1.0_iid_s123.json
exp5_H1_FedAvg+WD-0.1.log,exp5,H1,FedAvg+WD-0.1,False,federated,addition,gd,97,256,0.25,456,10,25,1.0,iid,,,,,,inf,inf,1.0,False,True,results/exp5_algorithms/H1/history_fed_addition_gd_p97_N256_a0.25_K10_le25_ft1.0_iid_s456.json
exp5_H1_FedAvg+WD-1.0.log,exp5,H1,FedAvg+WD-1.0,False,federated,addition,gd,97,256,0.25,42,10,25,1.0,iid,,,,,,inf,inf,1.1,False,True,results/exp5_algorithms/H1/history_fed_addition_gd_p97_N256_a0.25_K10_le25_ft1.0_iid_s42.json
exp5_H1_FedAvg+WD-1.0.log,exp5,H1,FedAvg+WD-1.0,False,federated,addition,gd,97,256,0.25,123,10,25,1.0,iid,,,,,,inf,inf,1.0,False,True,results/exp5_algorithms/H1/history_fed_addition_gd_p97_N256_a0.25_K10_le25_ft1.0_iid_s123.json
exp5_H1_FedAvg+WD-1.0.log,exp5,H1,FedAvg+WD-1.0,False,federated,addition,gd,97,256,0.25,456,10,25,1.0,iid,,,,,,inf,inf,1.0,False,True,results/exp5_algorithms/H1/history_fed_addition_gd_p97_N256_a0.25_K10_le25_ft1.0_iid_s456.json
exp5_H1_FedAvg.log,exp5,H1,FedAvg,False,federated,addition,gd,97,256,0.25,42,10,25,1.0,iid,,,,,,39050.0,28175.0,100.0,True,False,results/exp5_algorithms/H1/history_fed_addition_gd_p97_N256_a0.25_K10_le25_ft1.0_iid_s42.json
exp5_H1_FedAvg.log,exp5,H1,FedAvg,False,federated,addition,gd,97,256,0.25,123,10,25,1.0,iid,,,,,,45375.0,32275.0,100.0,True,False,results/exp5_algorithms/H1/history_fed_addition_gd_p97_N256_a0.25_K10_le25_ft1.0_iid_s123.json
exp5_H1_FedAvg.log,exp5,H1,FedAvg,False,federated,addition,gd,97,256,0.25,456,10,25,1.0,iid,,,,,,50150.0,35525.0,99.9,True,False,results/exp5_algorithms/H1/history_fed_addition_gd_p97_N256_a0.25_K10_le25_ft1.0_iid_s456.json
exp5_H1_FedProx-0.001.log,exp5,H1,FedProx-0.001,False,federated,addition,gd,97,256,0.25,42,10,25,1.0,iid,,0.001,,,,59700.0,44675.0,100.0,True,False,results/exp5_algorithms/H1/history_fed_addition_gd_p97_N256_a0.25_K10_le25_ft1.0_iid_mu0.001_s42.json
exp5_H1_FedProx-0.001.log,exp5,H1,FedProx-0.001,False,federated,addition,gd,97,256,0.25,123,10,25,1.0,iid,,0.001,,,,68450.0,49825.0,99.8,True,False,results/exp5_algorithms/H1/history_fed_addition_gd_p97_N256_a0.25_K10_le25_ft1.0_iid_mu0.001_s123.json
exp5_H1_FedProx-0.001.log,exp5,H1,FedProx-0.001,False,federated,addition,gd,97,256,0.25,456,10,25,1.0,iid,,0.001,,,,74725.0,54600.0,98.7,True,False,results/exp5_algorithms/H1/history_fed_addition_gd_p97_N256_a0.25_K10_le25_ft1.0_iid_mu0.001_s456.json
exp5_H1_FedProx-0.01.log,exp5,H1,FedProx-0.01,False,federated,addition,gd,97,256,0.25,42,10,25,1.0,iid,,0.01,,,,inf,inf,0.5,False,True,results/exp5_algorithms/H1/history_fed_addition_gd_p97_N256_a0.25_K10_le25_ft1.0_iid_mu0.01_s42.json
exp5_H1_FedProx-0.01.log,exp5,H1,FedProx-0.01,False,federated,addition,gd,97,256,0.25,123,10,25,1.0,iid,,0.01,,,,inf,inf,0.5,False,True,results/exp5_algorithms/H1/history_fed_addition_gd_p97_N256_a0.25_K10_le25_ft1.0_iid_mu0.01_s123.json
exp5_H1_FedProx-0.01.log,exp5,H1,FedProx-0.01,False,federated,addition,gd,97,256,0.25,456,10,25,1.0,iid,,0.01,,,,inf,inf,0.4,False,True,results/exp5_algorithms/H1/history_fed_addition_gd_p97_N256_a0.25_K10_le25_ft1.0_iid_mu0.01_s456.json
exp5_H1_FedProx-0.1.log,exp5,H1,FedProx-0.1,False,federated,addition,gd,97,256,0.25,42,10,25,1.0,iid,,0.1,,,,inf,inf,1.1,False,True,results/exp5_algorithms/H1/history_fed_addition_gd_p97_N256_a0.25_K10_le25_ft1.0_iid_mu0.1_s42.json
exp5_H1_FedProx-0.1.log,exp5,H1,FedProx-0.1,False,federated,addition,gd,97,256,0.25,123,10,25,1.0,iid,,0.1,,,,inf,inf,1.0,False,True,results/exp5_algorithms/H1/history_fed_addition_gd_p97_N256_a0.25_K10_le25_ft1.0_iid_mu0.1_s123.json
exp5_H1_FedProx-0.1.log,exp5,H1,FedProx-0.1,False,federated,addition,gd,97,256,0.25,456,10,25,1.0,iid,,0.1,,,,inf,inf,1.0,False,True,results/exp5_algorithms/H1/history_fed_addition_gd_p97_N256_a0.25_K10_le25_ft1.0_iid_mu0.1_s456.json
exp5_H1_FedProx-1.0.log,exp5,H1,FedProx-1.0,False,federated,addition,gd,97,256,0.25,42,10,25,1.0,iid,,1.0,,,,inf,inf,1.1,False,True,results/exp5_algorithms/H1/history_fed_addition_gd_p97_N256_a0.25_K10_le25_ft1.0_iid_mu1.0_s42.json
exp5_H1_FedProx-1.0.log,exp5,H1,FedProx-1.0,False,federated,addition,gd,97,256,0.25,123,10,25,1.0,iid,,1.0,,,,inf,inf,1.0,False,True,results/exp5_algorithms/H1/history_fed_addition_gd_p97_N256_a0.25_K10_le25_ft1.0_iid_mu1.0_s123.json
exp5_H1_FedProx-1.0.log,exp5,H1,FedProx-1.0,False,federated,addition,gd,97,256,0.25,456,10,25,1.0,iid,,1.0,,,,inf,inf,1.0,False,True,results/exp5_algorithms/H1/history_fed_addition_gd_p97_N256_a0.25_K10_le25_ft1.0_iid_mu1.0_s456.json
exp5_H2_FedAdam-0.01.log,exp5,H2,FedAdam-0.01,False,federated,addition,gd,97,256,0.25,42,10,25,1.0,dirichlet,0.1,,,,,9775.0,7575.0,100.0,True,False,results/exp5_algorithms/H2/history_fed_addition_gd_p97_N256_a0.25_K10_le25_ft1.0_dirichlet_dir0.1_s42.json
exp5_H2_FedAdam-0.01.log,exp5,H2,FedAdam-0.01,False,federated,addition,gd,97,256,0.25,123,10,25,1.0,dirichlet,0.1,,,,,11725.0,9525.0,99.8,True,False,results/exp5_algorithms/H2/history_fed_addition_gd_p97_N256_a0.25_K10_le25_ft1.0_dirichlet_dir0.1_s123.json
exp5_H2_FedAdam-0.01.log,exp5,H2,FedAdam-0.01,False,federated,addition,gd,97,256,0.25,456,10,25,1.0,dirichlet,0.1,,,,,12275.0,8750.0,99.8,True,False,results/exp5_algorithms/H2/history_fed_addition_gd_p97_N256_a0.25_K10_le25_ft1.0_dirichlet_dir0.1_s456.json
exp5_H2_FedAdam-0.1.log,exp5,H2,FedAdam-0.1,False,federated,addition,gd,97,256,0.25,42,10,25,1.0,dirichlet,0.1,,,,,2450.0,1900.0,100.0,True,False,results/exp5_algorithms/H2/history_fed_addition_gd_p97_N256_a0.25_K10_le25_ft1.0_dirichlet_dir0.1_s42.json
exp5_H2_FedAdam-0.1.log,exp5,H2,FedAdam-0.1,False,federated,addition,gd,97,256,0.25,123,10,25,1.0,dirichlet,0.1,,,,,2875.0,2175.0,100.0,True,False,results/exp5_algorithms/H2/history_fed_addition_gd_p97_N256_a0.25_K10_le25_ft1.0_dirichlet_dir0.1_s123.json
exp5_H2_FedAdam-0.1.log,exp5,H2,FedAdam-0.1,False,federated,addition,gd,97,256,0.25,456,10,25,1.0,dirichlet,0.1,,,,,3100.0,2275.0,100.0,True,False,results/exp5_algorithms/H2/history_fed_addition_gd_p97_N256_a0.25_K10_le25_ft1.0_dirichlet_dir0.1_s456.json
exp5_H2_FedAdam-1.0.log,exp5,H2,FedAdam-1.0,False,federated,addition,gd,97,256,0.25,42,10,25,1.0,dirichlet,0.1,,,,,inf,inf,1.1,False,True,results/exp5_algorithms/H2/history_fed_addition_gd_p97_N256_a0.25_K10_le25_ft1.0_dirichlet_dir0.1_s42.json
exp5_H2_FedAdam-1.0.log,exp5,H2,FedAdam-1.0,False,federated,addition,gd,97,256,0.25,123,10,25,1.0,dirichlet,0.1,,,,,inf,inf,1.0,False,True,results/exp5_algorithms/H2/history_fed_addition_gd_p97_N256_a0.25_K10_le25_ft1.0_dirichlet_dir0.1_s123.json
exp5_H2_FedAdam-1.0.log,exp5,H2,FedAdam-1.0,False,federated,addition,gd,97,256,0.25,456,10,25,1.0,dirichlet,0.1,,,,,inf,inf,1.0,False,True,results/exp5_algorithms/H2/history_fed_addition_gd_p97_N256_a0.25_K10_le25_ft1.0_dirichlet_dir0.1_s456.json
exp5_H2_FedAvg+WD-0.01.log,exp5,H2,FedAvg+WD-0.01,False,federated,addition,gd,97,256,0.25,42,10,25,1.0,dirichlet,0.1,,,,,inf,inf,1.1,False,True,results/exp5_algorithms/H2/history_fed_addition_gd_p97_N256_a0.25_K10_le25_ft1.0_dirichlet_dir0.1_s42.json
exp5_H2_FedAvg+WD-0.01.log,exp5,H2,FedAvg+WD-0.01,False,federated,addition,gd,97,256,0.25,123,10,25,1.0,dirichlet,0.1,,,,,inf,inf,1.0,False,True,results/exp5_algorithms/H2/history_fed_addition_gd_p97_N256_a0.25_K10_le25_ft1.0_dirichlet_dir0.1_s123.json
exp5_H2_FedAvg+WD-0.01.log,exp5,H2,FedAvg+WD-0.01,False,federated,addition,gd,97,256,0.25,456,10,25,1.0,dirichlet,0.1,,,,,inf,inf,1.0,False,True,results/exp5_algorithms/H2/history_fed_addition_gd_p97_N256_a0.25_K10_le25_ft1.0_dirichlet_dir0.1_s456.json
exp5_H2_FedAvg+WD-0.1.log,exp5,H2,FedAvg+WD-0.1,False,federated,addition,gd,97,256,0.25,42,10,25,1.0,dirichlet,0.1,,,,,inf,inf,1.1,False,True,results/exp5_algorithms/H2/history_fed_addition_gd_p97_N256_a0.25_K10_le25_ft1.0_dirichlet_dir0.1_s42.json
exp5_H2_FedAvg+WD-0.1.log,exp5,H2,FedAvg+WD-0.1,False,federated,addition,gd,97,256,0.25,123,10,25,1.0,dirichlet,0.1,,,,,inf,inf,1.0,False,True,results/exp5_algorithms/H2/history_fed_addition_gd_p97_N256_a0.25_K10_le25_ft1.0_dirichlet_dir0.1_s123.json
exp5_H2_FedAvg+WD-0.1.log,exp5,H2,FedAvg+WD-0.1,False,federated,addition,gd,97,256,0.25,456,10,25,1.0,dirichlet,0.1,,,,,inf,inf,1.0,False,True,results/exp5_algorithms/H2/history_fed_addition_gd_p97_N256_a0.25_K10_le25_ft1.0_dirichlet_dir0.1_s456.json
exp5_H2_FedAvg+WD-1.0.log,exp5,H2,FedAvg+WD-1.0,False,federated,addition,gd,97,256,0.25,42,10,25,1.0,dirichlet,0.1,,,,,inf,inf,1.1,False,True,results/exp5_algorithms/H2/history_fed_addition_gd_p97_N256_a0.25_K10_le25_ft1.0_dirichlet_dir0.1_s42.json
exp5_H2_FedAvg+WD-1.0.log,exp5,H2,FedAvg+WD-1.0,False,federated,addition,gd,97,256,0.25,123,10,25,1.0,dirichlet,0.1,,,,,inf,inf,1.0,False,True,results/exp5_algorithms/H2/history_fed_addition_gd_p97_N256_a0.25_K10_le25_ft1.0_dirichlet_dir0.1_s123.json
exp5_H2_FedAvg+WD-1.0.log,exp5,H2,FedAvg+WD-1.0,False,federated,addition,gd,97,256,0.25,456,10,25,1.0,dirichlet,0.1,,,,,inf,inf,1.0,False,True,results/exp5_algorithms/H2/history_fed_addition_gd_p97_N256_a0.25_K10_le25_ft1.0_dirichlet_dir0.1_s456.json
exp5_H2_FedAvg.log,exp5,H2,FedAvg,False,federated,addition,gd,97,256,0.25,42,10,25,1.0,dirichlet,0.1,,,,,47200.0,34125.0,100.0,True,False,results/exp5_algorithms/H2/history_fed_addition_gd_p97_N256_a0.25_K10_le25_ft1.0_dirichlet_dir0.1_s42.json
exp5_H2_FedAvg.log,exp5,H2,FedAvg,False,federated,addition,gd,97,256,0.25,123,10,25,1.0,dirichlet,0.1,,,,,75425.0,54450.0,97.1,True,False,results/exp5_algorithms/H2/history_fed_addition_gd_p97_N256_a0.25_K10_le25_ft1.0_dirichlet_dir0.1_s123.json
exp5_H2_FedAvg.log,exp5,H2,FedAvg,False,federated,addition,gd,97,256,0.25,456,10,25,1.0,dirichlet,0.1,,,,,60925.0,44925.0,99.5,True,False,results/exp5_algorithms/H2/history_fed_addition_gd_p97_N256_a0.25_K10_le25_ft1.0_dirichlet_dir0.1_s456.json
exp5_H2_FedProx-0.001.log,exp5,H2,FedProx-0.001,False,federated,addition,gd,97,256,0.25,42,10,25,1.0,dirichlet,0.1,0.001,,,,71500.0,52725.0,99.2,True,False,results/exp5_algorithms/H2/history_fed_addition_gd_p97_N256_a0.25_K10_le25_ft1.0_dirichlet_dir0.1_mu0.001_s42.json
exp5_H2_FedProx-0.001.log,exp5,H2,FedProx-0.001,False,federated,addition,gd,97,256,0.25,123,10,25,1.0,dirichlet,0.1,0.001,,,,inf,inf,48.3,False,True,results/exp5_algorithms/H2/history_fed_addition_gd_p97_N256_a0.25_K10_le25_ft1.0_dirichlet_dir0.1_mu0.001_s123.json
exp5_H2_FedProx-0.001.log,exp5,H2,FedProx-0.001,False,federated,addition,gd,97,256,0.25,456,10,25,1.0,dirichlet,0.1,0.001,,,,inf,68825.0,77.1,False,True,results/exp5_algorithms/H2/history_fed_addition_gd_p97_N256_a0.25_K10_le25_ft1.0_dirichlet_dir0.1_mu0.001_s456.json
exp5_H2_FedProx-0.01.log,exp5,H2,FedProx-0.01,False,federated,addition,gd,97,256,0.25,42,10,25,1.0,dirichlet,0.1,0.01,,,,inf,inf,0.5,False,True,results/exp5_algorithms/H2/history_fed_addition_gd_p97_N256_a0.25_K10_le25_ft1.0_dirichlet_dir0.1_mu0.01_s42.json
exp5_H2_FedProx-0.01.log,exp5,H2,FedProx-0.01,False,federated,addition,gd,97,256,0.25,123,10,25,1.0,dirichlet,0.1,0.01,,,,inf,inf,0.6,False,True,results/exp5_algorithms/H2/history_fed_addition_gd_p97_N256_a0.25_K10_le25_ft1.0_dirichlet_dir0.1_mu0.01_s123.json
exp5_H2_FedProx-0.01.log,exp5,H2,FedProx-0.01,False,federated,addition,gd,97,256,0.25,456,10,25,1.0,dirichlet,0.1,0.01,,,,inf,inf,0.3,False,True,results/exp5_algorithms/H2/history_fed_addition_gd_p97_N256_a0.25_K10_le25_ft1.0_dirichlet_dir0.1_mu0.01_s456.json
exp5_H2_FedProx-0.1.log,exp5,H2,FedProx-0.1,False,federated,addition,gd,97,256,0.25,42,10,25,1.0,dirichlet,0.1,0.1,,,,inf,inf,1.1,False,True,results/exp5_algorithms/H2/history_fed_addition_gd_p97_N256_a0.25_K10_le25_ft1.0_dirichlet_dir0.1_mu0.1_s42.json
exp5_H2_FedProx-0.1.log,exp5,H2,FedProx-0.1,False,federated,addition,gd,97,256,0.25,123,10,25,1.0,dirichlet,0.1,0.1,,,,inf,inf,1.0,False,True,results/exp5_algorithms/H2/history_fed_addition_gd_p97_N256_a0.25_K10_le25_ft1.0_dirichlet_dir0.1_mu0.1_s123.json
exp5_H2_FedProx-0.1.log,exp5,H2,FedProx-0.1,False,federated,addition,gd,97,256,0.25,456,10,25,1.0,dirichlet,0.1,0.1,,,,inf,inf,1.0,False,True,results/exp5_algorithms/H2/history_fed_addition_gd_p97_N256_a0.25_K10_le25_ft1.0_dirichlet_dir0.1_mu0.1_s456.json
exp5_H2_FedProx-1.0.log,exp5,H2,FedProx-1.0,False,federated,addition,gd,97,256,0.25,42,10,25,1.0,dirichlet,0.1,1.0,,,,inf,inf,1.1,False,True,results/exp5_algorithms/H2/history_fed_addition_gd_p97_N256_a0.25_K10_le25_ft1.0_dirichlet_dir0.1_mu1.0_s42.json
exp5_H2_FedProx-1.0.log,exp5,H2,FedProx-1.0,False,federated,addition,gd,97,256,0.25,123,10,25,1.0,dirichlet,0.1,1.0,,,,inf,inf,1.0,False,True,results/exp5_algorithms/H2/history_fed_addition_gd_p97_N256_a0.25_K10_le25_ft1.0_dirichlet_dir0.1_mu1.0_s123.json
exp5_H2_FedProx-1.0.log,exp5,H2,FedProx-1.0,False,federated,addition,gd,97,256,0.25,456,10,25,1.0,dirichlet,0.1,1.0,,,,inf,inf,1.0,False,True,results/exp5_algorithms/H2/history_fed_addition_gd_p97_N256_a0.25_K10_le25_ft1.0_dirichlet_dir0.1_mu1.0_s456.json
exp5_H3_FedAdam-0.01.log,exp5,H3,FedAdam-0.01,False,federated,addition,gd,97,256,0.3,42,10,50,1.0,dirichlet,0.1,,,,,9450.0,7650.0,100.0,True,False,results/exp5_algorithms/H3/history_fed_addition_gd_p97_N256_a0.3_K10_le50_ft1.0_dirichlet_dir0.1_s42.json
exp5_H3_FedAdam-0.01.log,exp5,H3,FedAdam-0.01,False,federated,addition,gd,97,256,0.3,123,10,50,1.0,dirichlet,0.1,,,,,10150.0,8050.0,100.0,True,False,results/exp5_algorithms/H3/history_fed_addition_gd_p97_N256_a0.3_K10_le50_ft1.0_dirichlet_dir0.1_s123.json
exp5_H3_FedAdam-0.01.log,exp5,H3,FedAdam-0.01,False,federated,addition,gd,97,256,0.3,456,10,50,1.0,dirichlet,0.1,,,,,10500.0,8650.0,100.0,True,False,results/exp5_algorithms/H3/history_fed_addition_gd_p97_N256_a0.3_K10_le50_ft1.0_dirichlet_dir0.1_s456.json
exp5_H3_FedAdam-0.1.log,exp5,H3,FedAdam-0.1,False,federated,addition,gd,97,256,0.3,42,10,50,1.0,dirichlet,0.1,,,,,2350.0,1950.0,100.0,True,False,results/exp5_algorithms/H3/history_fed_addition_gd_p97_N256_a0.3_K10_le50_ft1.0_dirichlet_dir0.1_s42.json
exp5_H3_FedAdam-0.1.log,exp5,H3,FedAdam-0.1,False,federated,addition,gd,97,256,0.3,123,10,50,1.0,dirichlet,0.1,,,,,2400.0,2000.0,100.0,True,False,results/exp5_algorithms/H3/history_fed_addition_gd_p97_N256_a0.3_K10_le50_ft1.0_dirichlet_dir0.1_s123.json
exp5_H3_FedAdam-0.1.log,exp5,H3,FedAdam-0.1,False,federated,addition,gd,97,256,0.3,456,10,50,1.0,dirichlet,0.1,,,,,2650.0,2150.0,100.0,True,False,results/exp5_algorithms/H3/history_fed_addition_gd_p97_N256_a0.3_K10_le50_ft1.0_dirichlet_dir0.1_s456.json
exp5_H3_FedAdam-1.0.log,exp5,H3,FedAdam-1.0,False,federated,addition,gd,97,256,0.3,42,10,50,1.0,dirichlet,0.1,,,,,inf,inf,1.1,False,True,results/exp5_algorithms/H3/history_fed_addition_gd_p97_N256_a0.3_K10_le50_ft1.0_dirichlet_dir0.1_s42.json
exp5_H3_FedAdam-1.0.log,exp5,H3,FedAdam-1.0,False,federated,addition,gd,97,256,0.3,123,10,50,1.0,dirichlet,0.1,,,,,inf,inf,1.0,False,True,results/exp5_algorithms/H3/history_fed_addition_gd_p97_N256_a0.3_K10_le50_ft1.0_dirichlet_dir0.1_s123.json
exp5_H3_FedAdam-1.0.log,exp5,H3,FedAdam-1.0,False,federated,addition,gd,97,256,0.3,456,10,50,1.0,dirichlet,0.1,,,,,inf,inf,1.0,False,True,results/exp5_algorithms/H3/history_fed_addition_gd_p97_N256_a0.3_K10_le50_ft1.0_dirichlet_dir0.1_s456.json
exp5_H3_FedAvg+WD-0.01.log,exp5,H3,FedAvg+WD-0.01,False,federated,addition,gd,97,256,0.3,42,10,50,1.0,dirichlet,0.1,,,,,inf,inf,1.1,False,True,results/exp5_algorithms/H3/history_fed_addition_gd_p97_N256_a0.3_K10_le50_ft1.0_dirichlet_dir0.1_s42.json
exp5_H3_FedAvg+WD-0.01.log,exp5,H3,FedAvg+WD-0.01,False,federated,addition,gd,97,256,0.3,123,10,50,1.0,dirichlet,0.1,,,,,inf,inf,1.0,False,True,results/exp5_algorithms/H3/history_fed_addition_gd_p97_N256_a0.3_K10_le50_ft1.0_dirichlet_dir0.1_s123.json
exp5_H3_FedAvg+WD-0.01.log,exp5,H3,FedAvg+WD-0.01,False,federated,addition,gd,97,256,0.3,456,10,50,1.0,dirichlet,0.1,,,,,inf,inf,1.0,False,True,results/exp5_algorithms/H3/history_fed_addition_gd_p97_N256_a0.3_K10_le50_ft1.0_dirichlet_dir0.1_s456.json
exp5_H3_FedAvg+WD-0.1.log,exp5,H3,FedAvg+WD-0.1,False,federated,addition,gd,97,256,0.3,42,10,50,1.0,dirichlet,0.1,,,,,inf,inf,1.1,False,True,results/exp5_algorithms/H3/history_fed_addition_gd_p97_N256_a0.3_K10_le50_ft1.0_dirichlet_dir0.1_s42.json
exp5_H3_FedAvg+WD-0.1.log,exp5,H3,FedAvg+WD-0.1,False,federated,addition,gd,97,256,0.3,123,10,50,1.0,dirichlet,0.1,,,,,inf,inf,1.0,False,True,results/exp5_algorithms/H3/history_fed_addition_gd_p97_N256_a0.3_K10_le50_ft1.0_dirichlet_dir0.1_s123.json
exp5_H3_FedAvg+WD-0.1.log,exp5,H3,FedAvg+WD-0.1,False,federated,addition,gd,97,256,0.3,456,10,50,1.0,dirichlet,0.1,,,,,inf,inf,1.0,False,True,results/exp5_algorithms/H3/history_fed_addition_gd_p97_N256_a0.3_K10_le50_ft1.0_dirichlet_dir0.1_s456.json
exp5_H3_FedAvg+WD-1.0.log,exp5,H3,FedAvg+WD-1.0,False,federated,addition,gd,97,256,0.3,42,10,50,1.0,dirichlet,0.1,,,,,inf,inf,1.1,False,True,results/exp5_algorithms/H3/history_fed_addition_gd_p97_N256_a0.3_K10_le50_ft1.0_dirichlet_dir0.1_s42.json
exp5_H3_FedAvg+WD-1.0.log,exp5,H3,FedAvg+WD-1.0,False,federated,addition,gd,97,256,0.3,123,10,50,1.0,dirichlet,0.1,,,,,inf,inf,1.0,False,True,results/exp5_algorithms/H3/history_fed_addition_gd_p97_N256_a0.3_K10_le50_ft1.0_dirichlet_dir0.1_s123.json
exp5_H3_FedAvg+WD-1.0.log,exp5,H3,FedAvg+WD-1.0,False,federated,addition,gd,97,256,0.3,456,10,50,1.0,dirichlet,0.1,,,,,inf,inf,1.0,False,True,results/exp5_algorithms/H3/history_fed_addition_gd_p97_N256_a0.3_K10_le50_ft1.0_dirichlet_dir0.1_s456.json
exp5_H3_FedAvg.log,exp5,H3,FedAvg,False,federated,addition,gd,97,256,0.3,42,10,50,1.0,dirichlet,0.1,,,,,28700.0,21750.0,100.0,True,False,results/exp5_algorithms/H3/history_fed_addition_gd_p97_N256_a0.3_K10_le50_ft1.0_dirichlet_dir0.1_s42.json
exp5_H3_FedAvg.log,exp5,H3,FedAvg,False,federated,addition,gd,97,256,0.3,123,10,50,1.0,dirichlet,0.1,,,,,32750.0,22500.0,100.0,True,False,results/exp5_algorithms/H3/history_fed_addition_gd_p97_N256_a0.3_K10_le50_ft1.0_dirichlet_dir0.1_s123.json
exp5_H3_FedAvg.log,exp5,H3,FedAvg,False,federated,addition,gd,97,256,0.3,456,10,50,1.0,dirichlet,0.1,,,,,34100.0,24500.0,100.0,True,False,results/exp5_algorithms/H3/history_fed_addition_gd_p97_N256_a0.3_K10_le50_ft1.0_dirichlet_dir0.1_s456.json
exp5_H3_FedProx-0.001.log,exp5,H3,FedProx-0.001,False,federated,addition,gd,97,256,0.3,42,10,50,1.0,dirichlet,0.1,0.001,,,,56750.0,44350.0,100.0,True,False,results/exp5_algorithms/H3/history_fed_addition_gd_p97_N256_a0.3_K10_le50_ft1.0_dirichlet_dir0.1_mu0.001_s42.json
exp5_H3_FedProx-0.001.log,exp5,H3,FedProx-0.001,False,federated,addition,gd,97,256,0.3,123,10,50,1.0,dirichlet,0.1,0.001,,,,62850.0,46000.0,99.9,True,False,results/exp5_algorithms/H3/history_fed_addition_gd_p97_N256_a0.3_K10_le50_ft1.0_dirichlet_dir0.1_mu0.001_s123.json
exp5_H3_FedProx-0.001.log,exp5,H3,FedProx-0.001,False,federated,addition,gd,97,256,0.3,456,10,50,1.0,dirichlet,0.1,0.001,,,,65600.0,50700.0,99.9,True,False,results/exp5_algorithms/H3/history_fed_addition_gd_p97_N256_a0.3_K10_le50_ft1.0_dirichlet_dir0.1_mu0.001_s456.json
exp5_H3_FedProx-0.01.log,exp5,H3,FedProx-0.01,False,federated,addition,gd,97,256,0.3,42,10,50,1.0,dirichlet,0.1,0.01,,,,inf,inf,0.0,False,True,results/exp5_algorithms/H3/history_fed_addition_gd_p97_N256_a0.3_K10_le50_ft1.0_dirichlet_dir0.1_mu0.01_s42.json
exp5_H3_FedProx-0.01.log,exp5,H3,FedProx-0.01,False,federated,addition,gd,97,256,0.3,123,10,50,1.0,dirichlet,0.1,0.01,,,,inf,inf,0.1,False,True,results/exp5_algorithms/H3/history_fed_addition_gd_p97_N256_a0.3_K10_le50_ft1.0_dirichlet_dir0.1_mu0.01_s123.json
exp5_H3_FedProx-0.01.log,exp5,H3,FedProx-0.01,False,federated,addition,gd,97,256,0.3,456,10,50,1.0,dirichlet,0.1,0.01,,,,inf,inf,0.0,False,True,results/exp5_algorithms/H3/history_fed_addition_gd_p97_N256_a0.3_K10_le50_ft1.0_dirichlet_dir0.1_mu0.01_s456.json
exp5_H3_FedProx-0.1.log,exp5,H3,FedProx-0.1,False,federated,addition,gd,97,256,0.3,42,10,50,1.0,dirichlet,0.1,0.1,,,,inf,inf,1.1,False,True,results/exp5_algorithms/H3/history_fed_addition_gd_p97_N256_a0.3_K10_le50_ft1.0_dirichlet_dir0.1_mu0.1_s42.json
exp5_H3_FedProx-0.1.log,exp5,H3,FedProx-0.1,False,federated,addition,gd,97,256,0.3,123,10,50,1.0,dirichlet,0.1,0.1,,,,inf,inf,1.0,False,True,results/exp5_algorithms/H3/history_fed_addition_gd_p97_N256_a0.3_K10_le50_ft1.0_dirichlet_dir0.1_mu0.1_s123.json
exp5_H3_FedProx-0.1.log,exp5,H3,FedProx-0.1,False,federated,addition,gd,97,256,0.3,456,10,50,1.0,dirichlet,0.1,0.1,,,,inf,inf,1.0,False,True,results/exp5_algorithms/H3/history_fed_addition_gd_p97_N256_a0.3_K10_le50_ft1.0_dirichlet_dir0.1_mu0.1_s456.json
exp5_H3_FedProx-1.0.log,exp5,H3,FedProx-1.0,False,federated,addition,gd,97,256,0.3,42,10,50,1.0,dirichlet,0.1,1.0,,,,inf,inf,1.1,False,True,results/exp5_algorithms/H3/history_fed_addition_gd_p97_N256_a0.3_K10_le50_ft1.0_dirichlet_dir0.1_mu1.0_s42.json
exp5_H3_FedProx-1.0.log,exp5,H3,FedProx-1.0,False,federated,addition,gd,97,256,0.3,123,10,50,1.0,dirichlet,0.1,1.0,,,,inf,inf,1.0,False,True,results/exp5_algorithms/H3/history_fed_addition_gd_p97_N256_a0.3_K10_le50_ft1.0_dirichlet_dir0.1_mu1.0_s123.json
exp5_H3_FedProx-1.0.log,exp5,H3,FedProx-1.0,False,federated,addition,gd,97,256,0.3,456,10,50,1.0,dirichlet,0.1,1.0,,,,inf,inf,1.0,False,True,results/exp5_algorithms/H3/history_fed_addition_gd_p97_N256_a0.3_K10_le50_ft1.0_dirichlet_dir0.1_mu1.0_s456.json
exp5_rerun_H1_FedAdam-0.01.log,exp5,H1,FedAdam-0.01,True,federated,addition,gd,97,256,0.25,42,10,25,1.0,iid,,,0.01,0.001,,9300.0,7400.0,100.0,True,False,results/exp5_algorithms/H1/history_fed_addition_gd_p97_N256_a0.25_K10_le25_ft1.0_iid_adam_tau0.001_slr0.01_s42.json
exp5_rerun_H1_FedAdam-0.01.log,exp5,H1,FedAdam-0.01,True,federated,addition,gd,97,256,0.25,123,10,25,1.0,iid,,,0.01,0.001,,10375.0,8325.0,100.0,True,False,results/exp5_algorithms/H1/history_fed_addition_gd_p97_N256_a0.25_K10_le25_ft1.0_iid_adam_tau0.001_slr0.01_s123.json
exp5_rerun_H1_FedAdam-0.01.log,exp5,H1,FedAdam-0.01,True,federated,addition,gd,97,256,0.25,456,10,25,1.0,iid,,,0.01,0.001,,10825.0,8675.0,99.9,True,False,results/exp5_algorithms/H1/history_fed_addition_gd_p97_N256_a0.25_K10_le25_ft1.0_iid_adam_tau0.001_slr0.01_s456.json
exp5_rerun_H1_FedAdam-0.1.log,exp5,H1,FedAdam-0.1,True,federated,addition,gd,97,256,0.25,42,10,25,1.0,iid,,,0.1,0.001,,2150.0,1775.0,100.0,True,False,results/exp5_algorithms/H1/history_fed_addition_gd_p97_N256_a0.25_K10_le25_ft1.0_iid_adam_tau0.001_slr0.1_s42.json
exp5_rerun_H1_FedAdam-0.1.log,exp5,H1,FedAdam-0.1,True,federated,addition,gd,97,256,0.25,123,10,25,1.0,iid,,,0.1,0.001,,3425.0,2075.0,100.0,True,False,results/exp5_algorithms/H1/history_fed_addition_gd_p97_N256_a0.25_K10_le25_ft1.0_iid_adam_tau0.001_slr0.1_s123.json
exp5_rerun_H1_FedAdam-0.1.log,exp5,H1,FedAdam-0.1,True,federated,addition,gd,97,256,0.25,456,10,25,1.0,iid,,,0.1,0.001,,3550.0,2275.0,100.0,True,False,results/exp5_algorithms/H1/history_fed_addition_gd_p97_N256_a0.25_K10_le25_ft1.0_iid_adam_tau0.001_slr0.1_s456.json
exp5_rerun_H1_FedAdam-1.0.log,exp5,H1,FedAdam-1.0,True,federated,addition,gd,97,256,0.25,42,10,25,1.0,iid,,,1.0,0.001,,inf,inf,1.1,False,True,results/exp5_algorithms/H1/history_fed_addition_gd_p97_N256_a0.25_K10_le25_ft1.0_iid_adam_tau0.001_slr1.0_s42.json
exp5_rerun_H1_FedAdam-1.0.log,exp5,H1,FedAdam-1.0,True,federated,addition,gd,97,256,0.25,123,10,25,1.0,iid,,,1.0,0.001,,inf,inf,1.0,False,True,results/exp5_algorithms/H1/history_fed_addition_gd_p97_N256_a0.25_K10_le25_ft1.0_iid_adam_tau0.001_slr1.0_s123.json
exp5_rerun_H1_FedAdam-1.0.log,exp5,H1,FedAdam-1.0,True,federated,addition,gd,97,256,0.25,456,10,25,1.0,iid,,,1.0,0.001,,inf,inf,1.0,False,True,results/exp5_algorithms/H1/history_fed_addition_gd_p97_N256_a0.25_K10_le25_ft1.0_iid_adam_tau0.001_slr1.0_s456.json
exp5_rerun_H1_FedAvg+WD-0.01.log,exp5,H1,FedAvg+WD-0.01,True,federated,addition,gd,97,256,0.25,42,10,25,1.0,iid,,,,,0.01,inf,inf,1.1,False,True,results/exp5_algorithms/H1/history_fed_addition_gd_p97_N256_a0.25_K10_le25_ft1.0_iid_wd0.01_s42.json
exp5_rerun_H1_FedAvg+WD-0.01.log,exp5,H1,FedAvg+WD-0.01,True,federated,addition,gd,97,256,0.25,123,10,25,1.0,iid,,,,,0.01,inf,inf,1.0,False,True,results/exp5_algorithms/H1/history_fed_addition_gd_p97_N256_a0.25_K10_le25_ft1.0_iid_wd0.01_s123.json
exp5_rerun_H1_FedAvg+WD-0.01.log,exp5,H1,FedAvg+WD-0.01,True,federated,addition,gd,97,256,0.25,456,10,25,1.0,iid,,,,,0.01,inf,inf,1.0,False,True,results/exp5_algorithms/H1/history_fed_addition_gd_p97_N256_a0.25_K10_le25_ft1.0_iid_wd0.01_s456.json
exp5_rerun_H1_FedAvg+WD-0.1.log,exp5,H1,FedAvg+WD-0.1,True,federated,addition,gd,97,256,0.25,42,10,25,1.0,iid,,,,,0.1,inf,inf,1.1,False,True,results/exp5_algorithms/H1/history_fed_addition_gd_p97_N256_a0.25_K10_le25_ft1.0_iid_wd0.1_s42.json
exp5_rerun_H1_FedAvg+WD-0.1.log,exp5,H1,FedAvg+WD-0.1,True,federated,addition,gd,97,256,0.25,123,10,25,1.0,iid,,,,,0.1,inf,inf,1.0,False,True,results/exp5_algorithms/H1/history_fed_addition_gd_p97_N256_a0.25_K10_le25_ft1.0_iid_wd0.1_s123.json
exp5_rerun_H1_FedAvg+WD-0.1.log,exp5,H1,FedAvg+WD-0.1,True,federated,addition,gd,97,256,0.25,456,10,25,1.0,iid,,,,,0.1,inf,inf,1.0,False,True,results/exp5_algorithms/H1/history_fed_addition_gd_p97_N256_a0.25_K10_le25_ft1.0_iid_wd0.1_s456.json
exp5_rerun_H1_FedAvg+WD-1.0.log,exp5,H1,FedAvg+WD-1.0,True,federated,addition,gd,97,256,0.25,42,10,25,1.0,iid,,,,,1.0,inf,inf,1.1,False,True,results/exp5_algorithms/H1/history_fed_addition_gd_p97_N256_a0.25_K10_le25_ft1.0_iid_wd1.0_s42.json
exp5_rerun_H1_FedAvg+WD-1.0.log,exp5,H1,FedAvg+WD-1.0,True,federated,addition,gd,97,256,0.25,123,10,25,1.0,iid,,,,,1.0,inf,inf,1.0,False,True,results/exp5_algorithms/H1/history_fed_addition_gd_p97_N256_a0.25_K10_le25_ft1.0_iid_wd1.0_s123.json
exp5_rerun_H1_FedAvg+WD-1.0.log,exp5,H1,FedAvg+WD-1.0,True,federated,addition,gd,97,256,0.25,456,10,25,1.0,iid,,,,,1.0,inf,inf,1.0,False,True,results/exp5_algorithms/H1/history_fed_addition_gd_p97_N256_a0.25_K10_le25_ft1.0_iid_wd1.0_s456.json
exp5_rerun_H2_FedAdam-0.01.log,exp5,H2,FedAdam-0.01,True,federated,addition,gd,97,256,0.25,42,10,25,1.0,dirichlet,0.1,,0.01,0.001,,9775.0,7575.0,100.0,True,False,results/exp5_algorithms/H2/history_fed_addition_gd_p97_N256_a0.25_K10_le25_ft1.0_dirichlet_dir0.1_adam_tau0.001_slr0.01_s42.json
exp5_rerun_H2_FedAdam-0.01.log,exp5,H2,FedAdam-0.01,True,federated,addition,gd,97,256,0.25,123,10,25,1.0,dirichlet,0.1,,0.01,0.001,,11725.0,9525.0,99.8,True,False,results/exp5_algorithms/H2/history_fed_addition_gd_p97_N256_a0.25_K10_le25_ft1.0_dirichlet_dir0.1_adam_tau0.001_slr0.01_s123.json
exp5_rerun_H2_FedAdam-0.01.log,exp5,H2,FedAdam-0.01,True,federated,addition,gd,97,256,0.25,456,10,25,1.0,dirichlet,0.1,,0.01,0.001,,12275.0,8750.0,99.9,True,False,results/exp5_algorithms/H2/history_fed_addition_gd_p97_N256_a0.25_K10_le25_ft1.0_dirichlet_dir0.1_adam_tau0.001_slr0.01_s456.json
exp5_rerun_H2_FedAdam-0.1.log,exp5,H2,FedAdam-0.1,True,federated,addition,gd,97,256,0.25,42,10,25,1.0,dirichlet,0.1,,0.1,0.001,,2450.0,1900.0,100.0,True,False,results/exp5_algorithms/H2/history_fed_addition_gd_p97_N256_a0.25_K10_le25_ft1.0_dirichlet_dir0.1_adam_tau0.001_slr0.1_s42.json
exp5_rerun_H2_FedAdam-0.1.log,exp5,H2,FedAdam-0.1,True,federated,addition,gd,97,256,0.25,123,10,25,1.0,dirichlet,0.1,,0.1,0.001,,2875.0,2175.0,100.0,True,False,results/exp5_algorithms/H2/history_fed_addition_gd_p97_N256_a0.25_K10_le25_ft1.0_dirichlet_dir0.1_adam_tau0.001_slr0.1_s123.json
exp5_rerun_H2_FedAdam-0.1.log,exp5,H2,FedAdam-0.1,True,federated,addition,gd,97,256,0.25,456,10,25,1.0,dirichlet,0.1,,0.1,0.001,,3100.0,2275.0,100.0,True,False,results/exp5_algorithms/H2/history_fed_addition_gd_p97_N256_a0.25_K10_le25_ft1.0_dirichlet_dir0.1_adam_tau0.001_slr0.1_s456.json
exp5_rerun_H2_FedAdam-1.0.log,exp5,H2,FedAdam-1.0,True,federated,addition,gd,97,256,0.25,42,10,25,1.0,dirichlet,0.1,,1.0,0.001,,inf,inf,1.1,False,True,results/exp5_algorithms/H2/history_fed_addition_gd_p97_N256_a0.25_K10_le25_ft1.0_dirichlet_dir0.1_adam_tau0.001_slr1.0_s42.json
exp5_rerun_H2_FedAdam-1.0.log,exp5,H2,FedAdam-1.0,True,federated,addition,gd,97,256,0.25,123,10,25,1.0,dirichlet,0.1,,1.0,0.001,,inf,inf,1.0,False,True,results/exp5_algorithms/H2/history_fed_addition_gd_p97_N256_a0.25_K10_le25_ft1.0_dirichlet_dir0.1_adam_tau0.001_slr1.0_s123.json
exp5_rerun_H2_FedAdam-1.0.log,exp5,H2,FedAdam-1.0,True,federated,addition,gd,97,256,0.25,456,10,25,1.0,dirichlet,0.1,,1.0,0.001,,inf,inf,1.0,False,True,results/exp5_algorithms/H2/history_fed_addition_gd_p97_N256_a0.25_K10_le25_ft1.0_dirichlet_dir0.1_adam_tau0.001_slr1.0_s456.json
exp5_rerun_H2_FedAvg+WD-0.01.log,exp5,H2,FedAvg+WD-0.01,True,federated,addition,gd,97,256,0.25,42,10,25,1.0,dirichlet,0.1,,,,0.01,inf,inf,1.1,False,True,results/exp5_algorithms/H2/history_fed_addition_gd_p97_N256_a0.25_K10_le25_ft1.0_dirichlet_dir0.1_wd0.01_s42.json
exp5_rerun_H2_FedAvg+WD-0.01.log,exp5,H2,FedAvg+WD-0.01,True,federated,addition,gd,97,256,0.25,123,10,25,1.0,dirichlet,0.1,,,,0.01,inf,inf,1.0,False,True,results/exp5_algorithms/H2/history_fed_addition_gd_p97_N256_a0.25_K10_le25_ft1.0_dirichlet_dir0.1_wd0.01_s123.json
exp5_rerun_H2_FedAvg+WD-0.01.log,exp5,H2,FedAvg+WD-0.01,True,federated,addition,gd,97,256,0.25,456,10,25,1.0,dirichlet,0.1,,,,0.01,inf,inf,1.0,False,True,results/exp5_algorithms/H2/history_fed_addition_gd_p97_N256_a0.25_K10_le25_ft1.0_dirichlet_dir0.1_wd0.01_s456.json
exp5_rerun_H2_FedAvg+WD-0.1.log,exp5,H2,FedAvg+WD-0.1,True,federated,addition,gd,97,256,0.25,42,10,25,1.0,dirichlet,0.1,,,,0.1,inf,inf,1.1,False,True,results/exp5_algorithms/H2/history_fed_addition_gd_p97_N256_a0.25_K10_le25_ft1.0_dirichlet_dir0.1_wd0.1_s42.json
exp5_rerun_H2_FedAvg+WD-0.1.log,exp5,H2,FedAvg+WD-0.1,True,federated,addition,gd,97,256,0.25,123,10,25,1.0,dirichlet,0.1,,,,0.1,inf,inf,1.0,False,True,results/exp5_algorithms/H2/history_fed_addition_gd_p97_N256_a0.25_K10_le25_ft1.0_dirichlet_dir0.1_wd0.1_s123.json
exp5_rerun_H2_FedAvg+WD-0.1.log,exp5,H2,FedAvg+WD-0.1,True,federated,addition,gd,97,256,0.25,456,10,25,1.0,dirichlet,0.1,,,,0.1,inf,inf,1.0,False,True,results/exp5_algorithms/H2/history_fed_addition_gd_p97_N256_a0.25_K10_le25_ft1.0_dirichlet_dir0.1_wd0.1_s456.json
exp5_rerun_H2_FedAvg+WD-1.0.log,exp5,H2,FedAvg+WD-1.0,True,federated,addition,gd,97,256,0.25,42,10,25,1.0,dirichlet,0.1,,,,1.0,inf,inf,1.1,False,True,results/exp5_algorithms/H2/history_fed_addition_gd_p97_N256_a0.25_K10_le25_ft1.0_dirichlet_dir0.1_wd1.0_s42.json
exp5_rerun_H2_FedAvg+WD-1.0.log,exp5,H2,FedAvg+WD-1.0,True,federated,addition,gd,97,256,0.25,123,10,25,1.0,dirichlet,0.1,,,,1.0,inf,inf,1.0,False,True,results/exp5_algorithms/H2/history_fed_addition_gd_p97_N256_a0.25_K10_le25_ft1.0_dirichlet_dir0.1_wd1.0_s123.json
exp5_rerun_H2_FedAvg+WD-1.0.log,exp5,H2,FedAvg+WD-1.0,True,federated,addition,gd,97,256,0.25,456,10,25,1.0,dirichlet,0.1,,,,1.0,inf,inf,1.0,False,True,results/exp5_algorithms/H2/history_fed_addition_gd_p97_N256_a0.25_K10_le25_ft1.0_dirichlet_dir0.1_wd1.0_s456.json
exp5_rerun_H3_FedAdam-0.01.log,exp5,H3,FedAdam-0.01,True,federated,addition,gd,97,256,0.3,42,10,50,1.0,dirichlet,0.1,,0.01,0.001,,9450.0,7650.0,100.0,True,False,results/exp5_algorithms/H3/history_fed_addition_gd_p97_N256_a0.3_K10_le50_ft1.0_dirichlet_dir0.1_adam_tau0.001_slr0.01_s42.json
exp5_rerun_H3_FedAdam-0.01.log,exp5,H3,FedAdam-0.01,True,federated,addition,gd,97,256,0.3,123,10,50,1.0,dirichlet,0.1,,0.01,0.001,,10150.0,8050.0,100.0,True,False,results/exp5_algorithms/H3/history_fed_addition_gd_p97_N256_a0.3_K10_le50_ft1.0_dirichlet_dir0.1_adam_tau0.001_slr0.01_s123.json
exp5_rerun_H3_FedAdam-0.01.log,exp5,H3,FedAdam-0.01,True,federated,addition,gd,97,256,0.3,456,10,50,1.0,dirichlet,0.1,,0.01,0.001,,10500.0,8650.0,100.0,True,False,results/exp5_algorithms/H3/history_fed_addition_gd_p97_N256_a0.3_K10_le50_ft1.0_dirichlet_dir0.1_adam_tau0.001_slr0.01_s456.json
exp5_rerun_H3_FedAdam-0.1.log,exp5,H3,FedAdam-0.1,True,federated,addition,gd,97,256,0.3,42,10,50,1.0,dirichlet,0.1,,0.1,0.001,,2350.0,1950.0,100.0,True,False,results/exp5_algorithms/H3/history_fed_addition_gd_p97_N256_a0.3_K10_le50_ft1.0_dirichlet_dir0.1_adam_tau0.001_slr0.1_s42.json
exp5_rerun_H3_FedAdam-0.1.log,exp5,H3,FedAdam-0.1,True,federated,addition,gd,97,256,0.3,123,10,50,1.0,dirichlet,0.1,,0.1,0.001,,2400.0,2000.0,100.0,True,False,results/exp5_algorithms/H3/history_fed_addition_gd_p97_N256_a0.3_K10_le50_ft1.0_dirichlet_dir0.1_adam_tau0.001_slr0.1_s123.json
exp5_rerun_H3_FedAdam-0.1.log,exp5,H3,FedAdam-0.1,True,federated,addition,gd,97,256,0.3,456,10,50,1.0,dirichlet,0.1,,0.1,0.001,,2650.0,2150.0,100.0,True,False,results/exp5_algorithms/H3/history_fed_addition_gd_p97_N256_a0.3_K10_le50_ft1.0_dirichlet_dir0.1_adam_tau0.001_slr0.1_s456.json
exp5_rerun_H3_FedAdam-1.0.log,exp5,H3,FedAdam-1.0,True,federated,addition,gd,97,256,0.3,42,10,50,1.0,dirichlet,0.1,,1.0,0.001,,inf,inf,1.1,False,True,results/exp5_algorithms/H3/history_fed_addition_gd_p97_N256_a0.3_K10_le50_ft1.0_dirichlet_dir0.1_adam_tau0.001_slr1.0_s42.json
exp5_rerun_H3_FedAdam-1.0.log,exp5,H3,FedAdam-1.0,True,federated,addition,gd,97,256,0.3,123,10,50,1.0,dirichlet,0.1,,1.0,0.001,,inf,inf,1.0,False,True,results/exp5_algorithms/H3/history_fed_addition_gd_p97_N256_a0.3_K10_le50_ft1.0_dirichlet_dir0.1_adam_tau0.001_slr1.0_s123.json
exp5_rerun_H3_FedAdam-1.0.log,exp5,H3,FedAdam-1.0,True,federated,addition,gd,97,256,0.3,456,10,50,1.0,dirichlet,0.1,,1.0,0.001,,inf,inf,1.0,False,True,results/exp5_algorithms/H3/history_fed_addition_gd_p97_N256_a0.3_K10_le50_ft1.0_dirichlet_dir0.1_adam_tau0.001_slr1.0_s456.json
exp5_rerun_H3_FedAvg+WD-0.01.log,exp5,H3,FedAvg+WD-0.01,True,federated,addition,gd,97,256,0.3,42,10,50,1.0,dirichlet,0.1,,,,0.01,inf,inf,1.1,False,True,results/exp5_algorithms/H3/history_fed_addition_gd_p97_N256_a0.3_K10_le50_ft1.0_dirichlet_dir0.1_wd0.01_s42.json
exp5_rerun_H3_FedAvg+WD-0.01.log,exp5,H3,FedAvg+WD-0.01,True,federated,addition,gd,97,256,0.3,123,10,50,1.0,dirichlet,0.1,,,,0.01,inf,inf,1.0,False,True,results/exp5_algorithms/H3/history_fed_addition_gd_p97_N256_a0.3_K10_le50_ft1.0_dirichlet_dir0.1_wd0.01_s123.json
exp5_rerun_H3_FedAvg+WD-0.01.log,exp5,H3,FedAvg+WD-0.01,True,federated,addition,gd,97,256,0.3,456,10,50,1.0,dirichlet,0.1,,,,0.01,inf,inf,1.0,False,True,results/exp5_algorithms/H3/history_fed_addition_gd_p97_N256_a0.3_K10_le50_ft1.0_dirichlet_dir0.1_wd0.01_s456.json
exp5_rerun_H3_FedAvg+WD-0.1.log,exp5,H3,FedAvg+WD-0.1,True,federated,addition,gd,97,256,0.3,42,10,50,1.0,dirichlet,0.1,,,,0.1,inf,inf,1.1,False,True,results/exp5_algorithms/H3/history_fed_addition_gd_p97_N256_a0.3_K10_le50_ft1.0_dirichlet_dir0.1_wd0.1_s42.json
exp5_rerun_H3_FedAvg+WD-0.1.log,exp5,H3,FedAvg+WD-0.1,True,federated,addition,gd,97,256,0.3,123,10,50,1.0,dirichlet,0.1,,,,0.1,inf,inf,1.0,False,True,results/exp5_algorithms/H3/history_fed_addition_gd_p97_N256_a0.3_K10_le50_ft1.0_dirichlet_dir0.1_wd0.1_s123.json
exp5_rerun_H3_FedAvg+WD-0.1.log,exp5,H3,FedAvg+WD-0.1,True,federated,addition,gd,97,256,0.3,456,10,50,1.0,dirichlet,0.1,,,,0.1,inf,inf,1.0,False,True,results/exp5_algorithms/H3/history_fed_addition_gd_p97_N256_a0.3_K10_le50_ft1.0_dirichlet_dir0.1_wd0.1_s456.json
exp5_rerun_H3_FedAvg+WD-1.0.log,exp5,H3,FedAvg+WD-1.0,True,federated,addition,gd,97,256,0.3,42,10,50,1.0,dirichlet,0.1,,,,1.0,inf,inf,1.1,False,True,results/exp5_algorithms/H3/history_fed_addition_gd_p97_N256_a0.3_K10_le50_ft1.0_dirichlet_dir0.1_wd1.0_s42.json
exp5_rerun_H3_FedAvg+WD-1.0.log,exp5,H3,FedAvg+WD-1.0,True,federated,addition,gd,97,256,0.3,123,10,50,1.0,dirichlet,0.1,,,,1.0,inf,inf,1.0,False,True,results/exp5_algorithms/H3/history_fed_addition_gd_p97_N256_a0.3_K10_le50_ft1.0_dirichlet_dir0.1_wd1.0_s123.json
exp5_rerun_H3_FedAvg+WD-1.0.log,exp5,H3,FedAvg+WD-1.0,True,federated,addition,gd,97,256,0.3,456,10,50,1.0,dirichlet,0.1,,,,1.0,inf,inf,1.0,False,True,results/exp5_algorithms/H3/history_fed_addition_gd_p97_N256_a0.3_K10_le50_ft1.0_dirichlet_dir0.1_wd1.0_s456.json
exp7_addition_p113_a0.4_cent.log,exp7,,,False,centralized,addition,gd,113,256,0.4,42,,,,,,,,,,12800.0,,100.0,True,False,results/exp7_tasks/centralized/history_addition_gd_p113_N256_a0.4_s42.json
exp7_addition_p113_a0.4_fl.log,exp7,,,False,federated,addition,gd,113,256,0.4,42,10,5,1.0,iid,,,,,,12810.0,,100.0,True,False,results/exp7_tasks/fl_iid/history_fed_addition_gd_p113_N256_a0.4_K10_le5_ft1.0_iid_s42.json
exp7_addition_p113_a0.5_cent.log,exp7,,,False,centralized,addition,gd,113,256,0.5,42,,,,,,,,,,11600.0,,100.0,True,False,results/exp7_tasks/centralized/history_addition_gd_p113_N256_a0.5_s42.json
exp7_addition_p113_a0.5_fl.log,exp7,,,False,federated,addition,gd,113,256,0.5,42,10,5,1.0,iid,,,,,,11590.0,,100.0,True,False,results/exp7_tasks/fl_iid/history_fed_addition_gd_p113_N256_a0.5_K10_le5_ft1.0_iid_s42.json
exp7_addition_p53_a0.25_cent.log,exp7,,,False,centralized,addition,gd,53,256,0.25,42,,,,,,,,,,inf,,0.9,False,True,results/exp7_tasks/centralized/history_addition_gd_p53_N256_a0.25_s42.json
exp7_addition_p53_a0.25_fl.log,exp7,,,False,federated,addition,gd,53,256,0.25,42,10,5,1.0,iid,,,,,,inf,,0.9,False,True,results/exp7_tasks/fl_iid/history_fed_addition_gd_p53_N256_a0.25_K10_le5_ft1.0_iid_s42.json
exp7_addition_p53_a0.3_cent.log,exp7,,,False,centralized,addition,gd,53,256,0.3,42,,,,,,,,,,inf,,2.1,False,True,results/exp7_tasks/centralized/history_addition_gd_p53_N256_a0.3_s42.json
exp7_addition_p53_a0.3_fl.log,exp7,,,False,federated,addition,gd,53,256,0.3,42,10,5,1.0,iid,,,,,,inf,,1.4,False,True,results/exp7_tasks/fl_iid/history_fed_addition_gd_p53_N256_a0.3_K10_le5_ft1.0_iid_s42.json
exp7_addition_p53_a0.4_cent.log,exp7,,,False,centralized,addition,gd,53,256,0.4,42,,,,,,,,,,12100.0,,100.0,True,False,results/exp7_tasks/centralized/history_addition_gd_p53_N256_a0.4_s42.json
exp7_addition_p53_a0.4_fl.log,exp7,,,False,federated,addition,gd,53,256,0.4,42,10,5,1.0,iid,,,,,,27935.0,,99.3,True,False,results/exp7_tasks/fl_iid/history_fed_addition_gd_p53_N256_a0.4_K10_le5_ft1.0_iid_s42.json
exp7_addition_p53_a0.5_cent.log,exp7,,,False,centralized,addition,gd,53,256,0.5,42,,,,,,,,,,2200.0,,100.0,True,False,results/exp7_tasks/centralized/history_addition_gd_p53_N256_a0.5_s42.json
exp7_addition_p53_a0.5_fl.log,exp7,,,False,federated,addition,gd,53,256,0.5,42,10,5,1.0,iid,,,,,,2550.0,,100.0,True,False,results/exp7_tasks/fl_iid/history_fed_addition_gd_p53_N256_a0.5_K10_le5_ft1.0_iid_s42.json
exp7_addition_p97_a0.4_cent.log,exp7,,,False,centralized,addition,gd,97,256,0.4,42,,,,,,,,,,8600.0,,100.0,True,False,results/exp7_tasks/centralized/history_addition_gd_p97_N256_a0.4_s42.json
exp7_addition_p97_a0.4_fl.log,exp7,,,False,federated,addition,gd,97,256,0.4,42,10,5,1.0,iid,,,,,,8645.0,,100.0,True,False,results/exp7_tasks/fl_iid/history_fed_addition_gd_p97_N256_a0.4_K10_le5_ft1.0_iid_s42.json
exp7_division_p113_a0.4_cent.log,exp7,,,False,centralized,division,gd,113,256,0.4,42,,,,,,,,,,12800.0,,100.0,True,False,results/exp7_tasks/centralized/history_division_gd_p113_N256_a0.4_s42.json
exp7_division_p113_a0.4_fl.log,exp7,,,False,federated,division,gd,113,256,0.4,42,10,5,1.0,iid,,,,,,12745.0,,100.0,True,False,results/exp7_tasks/fl_iid/history_fed_division_gd_p113_N256_a0.4_K10_le5_ft1.0_iid_s42.json
exp7_division_p113_a0.5_cent.log,exp7,,,False,centralized,division,gd,113,256,0.5,42,,,,,,,,,,11400.0,,100.0,True,False,results/exp7_tasks/centralized/history_division_gd_p113_N256_a0.5_s42.json
exp7_division_p113_a0.5_fl.log,exp7,,,False,federated,division,gd,113,256,0.5,42,10,5,1.0,iid,,,,,,11340.0,,100.0,True,False,results/exp7_tasks/fl_iid/history_fed_division_gd_p113_N256_a0.5_K10_le5_ft1.0_iid_s42.json
exp7_division_p53_a0.25_cent.log,exp7,,,False,centralized,division,gd,53,256,0.25,42,,,,,,,,,,inf,,5.4,False,True,results/exp7_tasks/centralized/history_division_gd_p53_N256_a0.25_s42.json
exp7_division_p53_a0.25_fl.log,exp7,,,False,federated,division,gd,53,256,0.25,42,10,5,1.0,iid,,,,,,inf,,4.9,False,True,results/exp7_tasks/fl_iid/history_fed_division_gd_p53_N256_a0.25_K10_le5_ft1.0_iid_s42.json
exp7_division_p53_a0.3_cent.log,exp7,,,False,centralized,division,gd,53,256,0.3,42,,,,,,,,,,inf,,5.8,False,True,results/exp7_tasks/centralized/history_division_gd_p53_N256_a0.3_s42.json
exp7_division_p53_a0.3_fl.log,exp7,,,False,federated,division,gd,53,256,0.3,42,10,5,1.0,iid,,,,,,inf,,6.1,False,True,results/exp7_tasks/fl_iid/history_fed_division_gd_p53_N256_a0.3_K10_le5_ft1.0_iid_s42.json
exp7_division_p53_a0.4_cent.log,exp7,,,False,centralized,division,gd,53,256,0.4,42,,,,,,,,,,15200.0,,99.9,True,False,results/exp7_tasks/centralized/history_division_gd_p53_N256_a0.4_s42.json
exp7_division_p53_a0.4_fl.log,exp7,,,False,federated,division,gd,53,256,0.4,42,10,5,1.0,iid,,,,,,73805.0,,95.8,True,False,results/exp7_tasks/fl_iid/history_fed_division_gd_p53_N256_a0.4_K10_le5_ft1.0_iid_s42.json
exp7_division_p53_a0.5_cent.log,exp7,,,False,centralized,division,gd,53,256,0.5,42,,,,,,,,,,2000.0,,100.0,True,False,results/exp7_tasks/centralized/history_division_gd_p53_N256_a0.5_s42.json
exp7_division_p53_a0.5_fl.log,exp7,,,False,federated,division,gd,53,256,0.5,42,10,5,1.0,iid,,,,,,2305.0,,100.0,True,False,results/exp7_tasks/fl_iid/history_fed_division_gd_p53_N256_a0.5_K10_le5_ft1.0_iid_s42.json
exp7_division_p97_a0.25_cent.log,exp7,,,False,centralized,division,gd,97,256,0.25,42,,,,,,,,,,22300.0,,100.0,True,False,results/exp7_tasks/centralized/history_division_gd_p97_N256_a0.25_s42.json
exp7_division_p97_a0.25_fl.log,exp7,,,False,federated,division,gd,97,256,0.25,42,10,5,1.0,iid,,,,,,24240.0,,100.0,True,False,results/exp7_tasks/fl_iid/history_fed_division_gd_p97_N256_a0.25_K10_le5_ft1.0_iid_s42.json
exp7_division_p97_a0.3_cent.log,exp7,,,False,centralized,division,gd,97,256,0.3,42,,,,,,,,,,12700.0,,100.0,True,False,results/exp7_tasks/centralized/history_division_gd_p97_N256_a0.3_s42.json
exp7_division_p97_a0.3_fl.log,exp7,,,False,federated,division,gd,97,256,0.3,42,10,5,1.0,iid,,,,,,13030.0,,100.0,True,False,results/exp7_tasks/fl_iid/history_fed_division_gd_p97_N256_a0.3_K10_le5_ft1.0_iid_s42.json
exp7_division_p97_a0.4_cent.log,exp7,,,False,centralized,division,gd,97,256,0.4,42,,,,,,,,,,8400.0,,100.0,True,False,results/exp7_tasks/centralized/history_division_gd_p97_N256_a0.4_s42.json
exp7_division_p97_a0.4_fl.log,exp7,,,False,federated,division,gd,97,256,0.4,42,10,5,1.0,iid,,,,,,8415.0,,100.0,True,False,results/exp7_tasks/fl_iid/history_fed_division_gd_p97_N256_a0.4_K10_le5_ft1.0_iid_s42.json
exp7_division_p97_a0.5_cent.log,exp7,,,False,centralized,division,gd,97,256,0.5,42,,,,,,,,,,7500.0,,100.0,True,False,results/exp7_tasks/centralized/history_division_gd_p97_N256_a0.5_s42.json
exp7_division_p97_a0.5_fl.log,exp7,,,False,federated,division,gd,97,256,0.5,42,10,5,1.0,iid,,,,,,7500.0,,100.0,True,False,results/exp7_tasks/fl_iid/history_fed_division_gd_p97_N256_a0.5_K10_le5_ft1.0_iid_s42.json
exp7_multiplication_p113_a0.4_cent.log,exp7,,,False,centralized,multiplication,gd,113,256,0.4,42,,,,,,,,,,12600.0,,100.0,True,False,results/exp7_tasks/centralized/history_multiplication_gd_p113_N256_a0.4_s42.json
exp7_multiplication_p113_a0.4_fl.log,exp7,,,False,federated,multiplication,gd,113,256,0.4,42,10,5,1.0,iid,,,,,,12630.0,,100.0,True,False,results/exp7_tasks/fl_iid/history_fed_multiplication_gd_p113_N256_a0.4_K10_le5_ft1.0_iid_s42.json
exp7_multiplication_p113_a0.5_cent.log,exp7,,,False,centralized,multiplication,gd,113,256,0.5,42,,,,,,,,,,11800.0,,100.0,True,False,results/exp7_tasks/centralized/history_multiplication_gd_p113_N256_a0.5_s42.json
exp7_multiplication_p113_a0.5_fl.log,exp7,,,False,federated,multiplication,gd,113,256,0.5,42,10,5,1.0,iid,,,,,,11755.0,,100.0,True,False,results/exp7_tasks/fl_iid/history_fed_multiplication_gd_p113_N256_a0.5_K10_le5_ft1.0_iid_s42.json
exp7_multiplication_p53_a0.25_cent.log,exp7,,,False,centralized,multiplication,gd,53,256,0.25,42,,,,,,,,,,inf,,5.5,False,True,results/exp7_tasks/centralized/history_multiplication_gd_p53_N256_a0.25_s42.json
exp7_multiplication_p53_a0.25_fl.log,exp7,,,False,federated,multiplication,gd,53,256,0.25,42,10,5,1.0,iid,,,,,,inf,,5.2,False,True,results/exp7_tasks/fl_iid/history_fed_multiplication_gd_p53_N256_a0.25_K10_le5_ft1.0_iid_s42.json
exp7_multiplication_p53_a0.3_cent.log,exp7,,,False,centralized,multiplication,gd,53,256,0.3,42,,,,,,,,,,inf,,5.9,False,True,results/exp7_tasks/centralized/history_multiplication_gd_p53_N256_a0.3_s42.json
exp7_multiplication_p53_a0.3_fl.log,exp7,,,False,federated,multiplication,gd,53,256,0.3,42,10,5,1.0,iid,,,,,,inf,,5.8,False,True,results/exp7_tasks/fl_iid/history_fed_multiplication_gd_p53_N256_a0.3_K10_le5_ft1.0_iid_s42.json
exp7_multiplication_p53_a0.4_cent.log,exp7,,,False,centralized,multiplication,gd,53,256,0.4,42,,,,,,,,,,13800.0,,99.6,True,False,results/exp7_tasks/centralized/history_multiplication_gd_p53_N256_a0.4_s42.json
exp7_multiplication_p53_a0.4_fl.log,exp7,,,False,federated,multiplication,gd,53,256,0.4,42,10,5,1.0,iid,,,,,,53360.0,,97.9,True,False,results/exp7_tasks/fl_iid/history_fed_multiplication_gd_p53_N256_a0.4_K10_le5_ft1.0_iid_s42.json
exp7_multiplication_p53_a0.5_cent.log,exp7,,,False,centralized,multiplication,gd,53,256,0.5,42,,,,,,,,,,2100.0,,100.0,True,False,results/exp7_tasks/centralized/history_multiplication_gd_p53_N256_a0.5_s42.json
exp7_multiplication_p53_a0.5_fl.log,exp7,,,False,federated,multiplication,gd,53,256,0.5,42,10,5,1.0,iid,,,,,,2365.0,,100.0,True,False,results/exp7_tasks/fl_iid/history_fed_multiplication_gd_p53_N256_a0.5_K10_le5_ft1.0_iid_s42.json
exp7_multiplication_p97_a0.25_cent.log,exp7,,,False,centralized,multiplication,gd,97,256,0.25,42,,,,,,,,,,24500.0,,100.0,True,False,results/exp7_tasks/centralized/history_multiplication_gd_p97_N256_a0.25_s42.json
exp7_multiplication_p97_a0.25_fl.log,exp7,,,False,federated,multiplication,gd,97,256,0.25,42,10,5,1.0,iid,,,,,,26335.0,,100.0,True,False,results/exp7_tasks/fl_iid/history_fed_multiplication_gd_p97_N256_a0.25_K10_le5_ft1.0_iid_s42.json
exp7_multiplication_p97_a0.3_cent.log,exp7,,,False,centralized,multiplication,gd,97,256,0.3,42,,,,,,,,,,12500.0,,100.0,True,False,results/exp7_tasks/centralized/history_multiplication_gd_p97_N256_a0.3_s42.json
exp7_multiplication_p97_a0.3_fl.log,exp7,,,False,federated,multiplication,gd,97,256,0.3,42,10,5,1.0,iid,,,,,,12815.0,,100.0,True,False,results/exp7_tasks/fl_iid/history_fed_multiplication_gd_p97_N256_a0.3_K10_le5_ft1.0_iid_s42.json
exp7_multiplication_p97_a0.4_cent.log,exp7,,,False,centralized,multiplication,gd,97,256,0.4,42,,,,,,,,,,8400.0,,100.0,True,False,results/exp7_tasks/centralized/history_multiplication_gd_p97_N256_a0.4_s42.json
exp7_multiplication_p97_a0.4_fl.log,exp7,,,False,federated,multiplication,gd,97,256,0.4,42,10,5,1.0,iid,,,,,,8415.0,,100.0,True,False,results/exp7_tasks/fl_iid/history_fed_multiplication_gd_p97_N256_a0.4_K10_le5_ft1.0_iid_s42.json
exp7_multiplication_p97_a0.5_cent.log,exp7,,,False,centralized,multiplication,gd,97,256,0.5,42,,,,,,,,,,7400.0,,100.0,True,False,results/exp7_tasks/centralized/history_multiplication_gd_p97_N256_a0.5_s42.json
exp7_multiplication_p97_a0.5_fl.log,exp7,,,False,federated,multiplication,gd,97,256,0.5,42,10,5,1.0,iid,,,,,,7320.0,,100.0,True,False,results/exp7_tasks/fl_iid/history_fed_multiplication_gd_p97_N256_a0.5_K10_le5_ft1.0_iid_s42.json
exp7_x2_plus_y2_p113_a0.4_cent.log,exp7,,,False,centralized,x2_plus_y2,gd,113,256,0.4,42,,,,,,,,,,11500.0,,100.0,True,False,results/exp7_tasks/centralized/history_x2_plus_y2_gd_p113_N256_a0.4_s42.json
exp7_x2_plus_y2_p113_a0.4_fl.log,exp7,,,False,federated,x2_plus_y2,gd,113,256,0.4,42,10,5,1.0,iid,,,,,,11440.0,,100.0,True,False,results/exp7_tasks/fl_iid/history_fed_x2_plus_y2_gd_p113_N256_a0.4_K10_le5_ft1.0_iid_s42.json
exp7_x2_plus_y2_p113_a0.5_cent.log,exp7,,,False,centralized,x2_plus_y2,gd,113,256,0.5,42,,,,,,,,,,10200.0,,100.0,True,False,results/exp7_tasks/centralized/history_x2_plus_y2_gd_p113_N256_a0.5_s42.json
exp7_x2_plus_y2_p113_a0.5_fl.log,exp7,,,False,federated,x2_plus_y2,gd,113,256,0.5,42,10,5,1.0,iid,,,,,,10180.0,,100.0,True,False,results/exp7_tasks/fl_iid/history_fed_x2_plus_y2_gd_p113_N256_a0.5_K10_le5_ft1.0_iid_s42.json
exp7_x2_plus_y2_p53_a0.25_cent.log,exp7,,,False,centralized,x2_plus_y2,gd,53,256,0.25,42,,,,,,,,,,inf,,11.4,False,True,results/exp7_tasks/centralized/history_x2_plus_y2_gd_p53_N256_a0.25_s42.json
exp7_x2_plus_y2_p53_a0.25_fl.log,exp7,,,False,federated,x2_plus_y2,gd,53,256,0.25,42,10,5,1.0,iid,,,,,,inf,,10.7,False,True,results/exp7_tasks/fl_iid/history_fed_x2_plus_y2_gd_p53_N256_a0.25_K10_le5_ft1.0_iid_s42.json
exp7_x2_plus_y2_p53_a0.3_cent.log,exp7,,,False,centralized,x2_plus_y2,gd,53,256,0.3,42,,,,,,,,,,inf,,20.5,False,True,results/exp7_tasks/centralized/history_x2_plus_y2_gd_p53_N256_a0.3_s42.json
exp7_x2_plus_y2_p53_a0.3_fl.log,exp7,,,False,federated,x2_plus_y2,gd,53,256,0.3,42,10,5,1.0,iid,,,,,,inf,,22.0,False,True,results/exp7_tasks/fl_iid/history_fed_x2_plus_y2_gd_p53_N256_a0.3_K10_le5_ft1.0_iid_s42.json
exp7_x2_plus_y2_p53_a0.4_cent.log,exp7,,,False,centralized,x2_plus_y2,gd,53,256,0.4,42,,,,,,,,,,11400.0,,100.0,True,False,results/exp7_tasks/centralized/history_x2_plus_y2_gd_p53_N256_a0.4_s42.json
exp7_x2_plus_y2_p53_a0.4_fl.log,exp7,,,False,federated,x2_plus_y2,gd,53,256,0.4,42,10,5,1.0,iid,,,,,,22940.0,,99.6,True,False,results/exp7_tasks/fl_iid/history_fed_x2_plus_y2_gd_p53_N256_a0.4_K10_le5_ft1.0_iid_s42.json
exp7_x2_plus_y2_p53_a0.5_cent.log,exp7,,,False,centralized,x2_plus_y2,gd,53,256,0.5,42,,,,,,,,,,2200.0,,100.0,True,False,results/exp7_tasks/centralized/history_x2_plus_y2_gd_p53_N256_a0.5_s42.json
exp7_x2_plus_y2_p53_a0.5_fl.log,exp7,,,False,federated,x2_plus_y2,gd,53,256,0.5,42,10,5,1.0,iid,,,,,,2575.0,,100.0,True,False,results/exp7_tasks/fl_iid/history_fed_x2_plus_y2_gd_p53_N256_a0.5_K10_le5_ft1.0_iid_s42.json
exp7_x2_plus_y2_p97_a0.25_cent.log,exp7,,,False,centralized,x2_plus_y2,gd,97,256,0.25,42,,,,,,,,,,18300.0,,100.0,True,False,results/exp7_tasks/centralized/history_x2_plus_y2_gd_p97_N256_a0.25_s42.json
exp7_x2_plus_y2_p97_a0.25_fl.log,exp7,,,False,federated,x2_plus_y2,gd,97,256,0.25,42,10,5,1.0,iid,,,,,,19350.0,,100.0,True,False,results/exp7_tasks/fl_iid/history_fed_x2_plus_y2_gd_p97_N256_a0.25_K10_le5_ft1.0_iid_s42.json
exp7_x2_plus_y2_p97_a0.3_cent.log,exp7,,,False,centralized,x2_plus_y2,gd,97,256,0.3,42,,,,,,,,,,11200.0,,100.0,True,False,results/exp7_tasks/centralized/history_x2_plus_y2_gd_p97_N256_a0.3_s42.json
exp7_x2_plus_y2_p97_a0.3_fl.log,exp7,,,False,federated,x2_plus_y2,gd,97,256,0.3,42,10,5,1.0,iid,,,,,,11405.0,,100.0,True,False,results/exp7_tasks/fl_iid/history_fed_x2_plus_y2_gd_p97_N256_a0.3_K10_le5_ft1.0_iid_s42.json
exp7_x2_plus_y2_p97_a0.4_cent.log,exp7,,,False,centralized,x2_plus_y2,gd,97,256,0.4,42,,,,,,,,,,8100.0,,100.0,True,False,results/exp7_tasks/centralized/history_x2_plus_y2_gd_p97_N256_a0.4_s42.json
exp7_x2_plus_y2_p97_a0.4_fl.log,exp7,,,False,federated,x2_plus_y2,gd,97,256,0.4,42,10,5,1.0,iid,,,,,,8055.0,,100.0,True,False,results/exp7_tasks/fl_iid/history_fed_x2_plus_y2_gd_p97_N256_a0.4_K10_le5_ft1.0_iid_s42.json
exp7_x2_plus_y2_p97_a0.5_cent.log,exp7,,,False,centralized,x2_plus_y2,gd,97,256,0.5,42,,,,,,,,,,6900.0,,100.0,True,False,results/exp7_tasks/centralized/history_x2_plus_y2_gd_p97_N256_a0.5_s42.json
exp7_x2_plus_y2_p97_a0.5_fl.log,exp7,,,False,federated,x2_plus_y2,gd,97,256,0.5,42,10,5,1.0,iid,,,,,,6850.0,,100.0,True,False,results/exp7_tasks/fl_iid/history_fed_x2_plus_y2_gd_p97_N256_a0.5_K10_le5_ft1.0_iid_s42.json
